LCLid,stdorToU,days_in_2013_period,usable_days_2013,usable_months_2012,ok_2013,ok_both,ok_both_alt_month_rule
MAC005492,ToU,365,247,7,False,False,False
MAC001074,ToU,0,0,6,False,False,False
MAC000002,Std,365,365,2,True,False,False
MAC003613,Std,365,365,2,True,False,False
MAC003597,Std,365,365,2,True,False,False
MAC003579,Std,365,365,2,True,False,False
MAC003566,Std,365,365,2,True,False,False
MAC003557,Std,324,324,2,True,False,False
MAC003553,Std,365,365,2,True,False,False
MAC003482,Std,365,365,3,True,False,False
MAC003463,Std,223,223,3,True,False,False
MAC003449,Std,365,365,3,True,False,False
MAC003428,Std,365,365,3,True,False,False
MAC003423,Std,365,365,3,True,False,False
MAC003422,Std,365,356,3,True,False,False
MAC003400,Std,365,365,3,True,False,False
MAC003394,Std,365,363,3,True,False,False
MAC003388,Std,365,365,3,True,False,False
MAC003348,Std,365,365,0,True,False,False
MAC000246,Std,365,365,12,True,True,True
MAC003305,Std,365,365,3,True,False,False
MAC003281,Std,365,365,3,True,False,False
MAC003252,Std,365,365,3,True,False,False
MAC003239,Std,365,365,3,True,False,False
MAC003646,Std,365,365,2,True,False,False
MAC003656,Std,365,364,2,True,False,False
MAC003668,Std,365,365,2,True,False,False
MAC003680,Std,365,364,2,True,False,False
MAC004431,Std,365,365,9,True,True,True
MAC004387,Std,365,365,9,True,True,True
MAC004319,Std,365,365,7,True,True,True
MAC004247,Std,365,365,7,True,True,True
MAC004179,Std,365,365,7,True,True,True
MAC004034,Std,261,259,5,True,False,True
MAC003874,Std,365,365,2,True,False,False
MAC003863,Std,365,365,2,True,False,False
MAC003856,Std,365,365,2,True,False,False
MAC003851,Std,365,365,2,True,False,False
MAC003223,Std,365,365,3,True,False,False
MAC003844,Std,365,365,2,True,False,False
MAC003826,Std,365,365,2,True,False,False
MAC003817,Std,365,365,2,True,False,False
MAC003805,Std,365,365,2,True,False,False
MAC003775,Std,365,365,2,True,False,False
MAC003740,Std,365,365,2,True,False,False
MAC003737,Std,365,365,2,True,False,False
MAC003719,Std,365,365,2,True,False,False
MAC003718,Std,289,288,2,True,False,False
MAC003686,Std,365,364,2,True,False,False
MAC000450,Std,135,134,9,True,True,True
MAC003840,Std,365,365,2,True,False,False
MAC003212,Std,365,365,3,True,False,False
MAC003182,Std,365,365,3,True,False,False
MAC003166,Std,365,365,5,True,False,False
MAC001628,Std,365,365,7,True,True,True
MAC001533,Std,365,365,7,True,True,True
MAC001528,Std,365,365,7,True,True,True
MAC001510,Std,365,365,7,True,True,True
MAC001271,Std,365,365,7,True,True,True
MAC001251,Std,365,365,7,True,True,True
MAC001239,Std,365,364,7,True,True,True
MAC001145,Std,365,365,7,True,True,True
MAC000974,Std,365,363,8,True,True,True
MAC000948,Std,365,365,8,True,True,True
MAC001689,Std,365,364,7,True,True,True
MAC000902,Std,365,365,8,True,True,True
MAC000850,Std,365,364,8,True,True,True
MAC000816,Std,365,365,7,True,True,True
MAC000778,Std,365,365,8,True,True,True
MAC000379,Std,212,211,9,True,True,True
MAC000768,Std,365,365,8,True,True,True
MAC000713,Std,365,365,8,True,True,True
MAC000386,Std,365,364,9,True,True,True
MAC000569,Std,365,365,8,True,True,True
MAC000557,Std,365,365,8,True,True,True
MAC000535,Std,365,365,8,True,True,True
MAC000886,Std,365,363,8,True,True,True
MAC004529,Std,365,365,12,True,True,True
MAC001710,Std,365,365,7,True,True,True
MAC001776,Std,365,363,6,True,True,True
MAC003110,Std,365,365,7,True,True,True
MAC003072,Std,365,364,7,True,True,True
MAC002937,Std,365,365,6,True,True,True
MAC002924,Std,365,365,5,True,False,True
MAC002813,Std,365,365,7,True,True,True
MAC002628,Std,365,365,8,True,True,True
MAC002613,Std,85,85,5,True,False,True
MAC002601,Std,365,365,5,True,False,True
MAC002563,Std,365,365,5,True,False,True
MAC002562,Std,365,365,5,True,False,True
MAC001734,Std,365,365,7,True,True,True
MAC002314,Std,365,365,8,True,True,True
MAC002249,Std,365,365,8,True,True,True
MAC002150,Std,365,365,6,True,True,True
MAC002068,Std,365,357,6,True,True,True
MAC000323,Std,365,365,9,True,True,True
MAC002025,Std,365,365,6,True,True,True
MAC001989,Std,365,365,6,True,True,True
MAC001893,Std,365,365,6,True,True,True
MAC001843,Std,365,345,6,True,True,True
MAC001836,Std,365,364,6,True,True,True
MAC001819,Std,365,365,6,True,True,True
MAC002260,Std,287,275,7,True,True,True
MAC004554,Std,365,363,12,True,True,True
MAC003683,Std,327,326,2,True,False,False
MAC003257,ToU,365,364,3,True,False,False
MAC000464,ToU,365,365,9,True,True,True
MAC000339,ToU,365,364,9,True,True,True
MAC004872,Std,365,364,12,True,True,True
MAC005523,Std,365,365,8,True,True,True
MAC004054,ToU,365,365,5,True,False,True
MAC000103,Std,327,327,12,True,True,True
MAC000487,ToU,365,365,9,True,True,True
MAC004258,ToU,365,365,7,True,True,True
MAC003606,ToU,365,365,2,True,False,False
MAC005468,Std,365,365,8,True,True,True
MAC000110,Std,365,365,12,True,True,True
MAC005421,Std,365,365,10,True,True,True
MAC000112,Std,365,365,12,True,True,True
MAC005406,Std,365,365,10,True,True,True
MAC004374,ToU,365,365,9,True,True,True
MAC005283,Std,365,365,10,True,True,True
MAC000593,ToU,365,365,8,True,True,True
MAC000609,ToU,365,365,8,True,True,True
MAC003634,ToU,365,365,2,True,False,False
MAC000040,Std,365,365,12,True,True,True
MAC002199,ToU,365,364,6,True,True,True
MAC002134,ToU,365,365,6,True,True,True
MAC002113,ToU,365,365,6,True,True,True
MAC001736,ToU,343,343,7,True,True,True
MAC003286,ToU,365,363,3,True,False,False
MAC001653,ToU,69,60,0,False,False,False
MAC003474,ToU,365,365,2,True,False,False
MAC002552,ToU,365,365,5,True,False,True
MAC003807,ToU,365,365,2,True,False,False
MAC003895,ToU,365,365,2,True,False,False
MAC000797,ToU,365,365,8,True,True,True
MAC000030,Std,365,364,12,True,True,True
MAC003536,ToU,365,365,2,True,False,False
MAC004436,ToU,365,365,9,True,True,True
MAC002959,ToU,365,365,5,True,False,True
MAC004988,ToU,365,365,11,True,True,True
MAC005042,Std,365,365,11,True,True,True
MAC004789,ToU,365,365,8,True,True,True
MAC003196,ToU,206,206,3,True,False,False
MAC004900,Std,365,364,11,True,True,True
MAC005062,Std,0,0,6,False,False,False
MAC004997,Std,96,96,11,True,True,True
MAC004713,ToU,365,363,5,True,False,True
MAC005160,ToU,365,365,7,True,True,True
MAC004633,ToU,62,62,5,True,False,True
MAC004593,ToU,365,364,5,True,False,True
MAC004955,ToU,365,365,11,True,True,True
MAC005172,ToU,365,365,7,True,True,True
MAC005159,ToU,365,365,7,True,True,True
MAC004543,ToU,365,365,12,True,True,True
MAC003211,ToU,365,365,3,True,False,False
MAC003221,ToU,365,347,3,True,False,False
MAC004832,ToU,365,364,8,True,True,True
MAC004417,Std,365,365,9,True,True,True
MAC004957,Std,365,365,11,True,True,True
MAC003173,Std,365,365,3,True,False,False
MAC003903,ToU,365,365,2,True,False,False
MAC001966,Std,365,365,6,True,True,True
MAC002327,Std,365,365,8,True,True,True
MAC000606,Std,49,48,8,True,True,True
MAC004567,Std,365,365,12,True,True,True
MAC003445,Std,365,365,3,True,False,False
MAC003441,Std,365,365,3,True,False,False
MAC001835,ToU,365,365,6,True,True,True
MAC003403,Std,365,365,3,True,False,False
MAC001410,ToU,365,365,7,True,True,True
MAC003607,Std,365,365,2,True,False,False
MAC003876,Std,365,365,2,True,False,False
MAC001448,Std,365,365,7,True,True,True
MAC003900,Std,365,365,2,True,False,False
MAC004408,ToU,365,365,9,True,True,True
MAC003225,Std,365,365,3,True,False,False
MAC003908,Std,331,329,2,True,False,False
MAC003822,Std,365,365,2,True,False,False
MAC000897,Std,365,362,8,True,True,True
MAC003355,Std,365,365,3,True,False,False
MAC004287,Std,365,365,7,True,True,True
MAC002528,Std,365,365,5,True,False,True
MAC003427,ToU,365,365,3,True,False,False
MAC002862,Std,365,365,7,True,True,True
MAC002481,Std,365,365,8,True,True,True
MAC003580,ToU,365,365,2,True,False,False
MAC002859,Std,365,365,7,True,True,True
MAC003358,ToU,365,365,3,True,False,False
MAC002606,Std,365,365,5,True,False,True
MAC002599,Std,365,365,5,True,False,True
MAC002214,Std,365,364,6,True,True,True
MAC002474,Std,365,364,8,True,True,True
MAC003559,ToU,64,63,0,True,False,False
MAC003365,ToU,365,365,3,True,False,False
MAC002595,Std,365,365,5,True,False,True
MAC003387,ToU,365,365,3,True,False,False
MAC002582,Std,365,365,5,True,False,True
MAC002575,Std,365,365,5,True,False,True
MAC002296,Std,365,365,8,True,True,True
MAC002829,Std,365,365,7,True,True,True
MAC003366,ToU,365,365,3,True,False,False
MAC003434,ToU,365,362,3,True,False,False
MAC002503,Std,66,65,5,True,False,True
MAC004848,Std,365,365,12,True,True,True
MAC002015,Std,365,364,6,True,True,True
MAC001371,Std,365,365,7,True,True,True
MAC001313,Std,365,364,7,True,True,True
MAC004509,ToU,365,365,12,True,True,True
MAC001140,Std,365,365,7,True,True,True
MAC004825,ToU,365,365,8,True,True,True
MAC000798,Std,365,365,8,True,True,True
MAC001395,Std,365,365,7,True,True,True
MAC004910,ToU,365,365,11,True,True,True
MAC000689,Std,365,365,8,True,True,True
MAC000630,Std,365,365,8,True,True,True
MAC005489,ToU,365,365,8,True,True,True
MAC000545,Std,365,365,8,True,True,True
MAC005550,ToU,365,365,8,True,True,True
MAC000517,Std,365,365,9,True,True,True
MAC000744,Std,365,365,8,True,True,True
MAC002070,Std,365,365,6,True,True,True
MAC001401,Std,365,365,7,True,True,True
MAC001488,Std,365,365,7,True,True,True
MAC003736,ToU,365,365,2,True,False,False
MAC001988,Std,365,365,6,True,True,True
MAC001958,Std,365,365,6,True,True,True
MAC003745,ToU,365,365,2,True,False,False
MAC003762,ToU,365,365,2,True,False,False
MAC003766,ToU,365,365,2,True,False,False
MAC001465,Std,324,324,7,True,True,True
MAC003782,ToU,365,365,2,True,False,False
MAC001664,Std,365,364,7,True,True,True
MAC001652,Std,365,364,7,True,True,True
MAC003914,ToU,365,365,2,True,False,False
MAC001579,Std,365,365,7,True,True,True
MAC001553,Std,365,364,7,True,True,True
MAC001544,Std,365,364,7,True,True,True
MAC001695,Std,365,365,7,True,True,True
MAC001661,Std,365,365,7,True,True,True
MAC002604,ToU,365,365,5,True,False,True
MAC003033,Std,365,364,7,True,True,True
MAC003901,Std,365,365,2,True,False,False
MAC003889,Std,365,365,2,True,False,False
MAC005066,Std,365,364,7,True,True,True
MAC005112,Std,365,365,7,True,True,True
MAC005320,Std,365,365,10,True,True,True
MAC003843,Std,365,365,2,True,False,False
MAC003804,Std,365,365,2,True,False,False
MAC003787,Std,365,365,2,True,False,False
MAC003907,Std,365,365,2,True,False,False
MAC003776,Std,365,365,2,True,False,False
MAC003755,Std,365,365,2,True,False,False
MAC003748,Std,277,276,2,True,False,False
MAC005506,Std,323,323,8,True,True,True
MAC003731,Std,365,365,2,True,False,False
MAC005509,Std,365,365,8,True,True,True
MAC000005,ToU,365,365,7,True,True,True
MAC000017,ToU,365,365,12,True,True,True
MAC003642,Std,365,365,2,True,False,False
MAC005490,Std,365,365,8,True,True,True
MAC003912,Std,365,365,2,True,False,False
MAC003933,Std,365,365,1,True,False,False
MAC004029,Std,365,365,5,True,False,True
MAC004750,Std,261,260,9,True,True,True
MAC004712,Std,322,321,5,True,False,True
MAC004673,Std,365,365,5,True,False,True
MAC004664,Std,365,364,5,True,False,True
MAC004585,Std,365,365,5,True,False,True
MAC004925,Std,365,365,11,True,True,True
MAC004504,Std,365,365,12,True,True,True
MAC004455,Std,365,365,12,True,True,True
MAC004447,Std,365,365,9,True,True,True
MAC004415,Std,365,365,9,True,True,True
MAC004406,Std,365,365,9,True,True,True
MAC004989,Std,365,365,11,True,True,True
MAC004369,Std,365,365,9,True,True,True
MAC004367,Std,365,364,9,True,True,True
MAC004336,Std,365,365,9,True,True,True
MAC004249,Std,365,365,7,True,True,True
MAC005028,Std,365,365,11,True,True,True
MAC004108,Std,365,365,7,True,True,True
MAC004040,Std,365,365,5,True,False,True
MAC003639,Std,365,365,2,True,False,False
MAC000598,ToU,365,365,8,True,True,True
MAC003592,Std,81,80,2,True,False,False
MAC003584,Std,365,365,2,True,False,False
MAC003313,Std,365,364,3,True,False,False
MAC003299,Std,365,365,3,True,False,False
MAC003288,Std,365,365,3,True,False,False
MAC003287,Std,365,363,3,True,False,False
MAC003283,Std,365,365,3,True,False,False
MAC003278,Std,365,365,3,True,False,False
MAC003275,Std,365,365,3,True,False,False
MAC003260,Std,365,365,3,True,False,False
MAC002797,ToU,365,365,7,True,True,True
MAC003235,Std,365,365,3,True,False,False
MAC003231,Std,327,327,3,True,False,False
MAC003061,ToU,365,365,7,True,True,True
MAC003220,Std,365,364,3,True,False,False
MAC003157,ToU,365,365,5,True,False,True
MAC003204,Std,365,365,3,True,False,False
MAC003184,Std,365,365,3,True,False,False
MAC003201,ToU,365,365,3,True,False,False
MAC003137,Std,365,365,5,True,False,True
MAC003065,Std,365,365,7,True,True,True
MAC003319,Std,365,365,3,True,False,False
MAC003001,Std,365,365,5,True,False,True
MAC003335,Std,365,365,3,True,False,False
MAC003339,Std,365,365,3,True,False,False
MAC001064,ToU,251,251,7,True,True,True
MAC003558,Std,365,365,2,True,False,False
MAC001219,ToU,365,363,7,True,True,True
MAC003556,Std,365,365,2,True,False,False
MAC003548,Std,365,365,2,True,False,False
MAC003511,Std,365,365,2,True,False,False
MAC003499,Std,365,364,2,True,False,False
MAC003487,Std,365,365,2,True,False,False
MAC003486,Std,365,365,2,True,False,False
MAC001471,ToU,365,365,7,True,True,True
MAC003442,Std,365,365,3,True,False,False
MAC001767,ToU,365,365,6,True,True,True
MAC003392,Std,365,365,3,True,False,False
MAC002201,ToU,365,365,6,True,True,True
MAC003368,Std,365,365,3,True,False,False
MAC003357,Std,365,365,3,True,False,False
MAC003349,Std,365,365,3,True,False,False
MAC002433,ToU,365,365,7,True,True,True
MAC002455,ToU,365,365,8,True,True,True
MAC003336,Std,228,227,3,True,False,False
MAC000431,Std,365,365,9,True,True,True
MAC005565,ToU,0,0,0,False,False,False
MAC000096,Std,365,365,12,True,True,True
MAC000140,Std,365,365,12,True,True,True
MAC004539,Std,365,365,12,True,True,True
MAC000336,ToU,273,272,9,True,True,True
MAC000342,ToU,365,360,9,True,True,True
MAC001698,Std,365,365,7,True,True,True
MAC000727,Std,365,365,8,True,True,True
MAC002267,Std,365,365,8,True,True,True
MAC003013,Std,365,365,7,True,True,True
MAC002482,ToU,365,364,8,True,True,True
MAC001682,ToU,365,365,7,True,True,True
MAC000715,Std,365,365,8,True,True,True
MAC004527,Std,365,365,12,True,True,True
MAC002627,Std,365,365,8,True,True,True
MAC000456,ToU,307,307,9,True,True,True
MAC001717,Std,365,323,7,False,False,False
MAC004783,ToU,365,365,8,True,True,True
MAC004814,ToU,365,365,8,True,True,True
MAC002233,Std,365,365,8,True,True,True
MAC000084,Std,365,365,12,True,True,True
MAC000317,Std,365,365,9,True,True,True
MAC001691,Std,365,364,7,True,True,True
MAC004714,ToU,365,365,5,True,False,True
MAC001656,Std,365,365,7,True,True,True
MAC004637,Std,365,365,5,True,False,True
MAC000776,Std,365,365,8,True,True,True
MAC004628,Std,365,365,5,True,False,True
MAC003063,Std,365,365,7,True,True,True
MAC005370,Std,0,0,9,False,False,False
MAC003502,ToU,365,365,2,True,False,False
MAC001425,Std,365,365,7,True,True,True
MAC000737,Std,365,365,8,True,True,True
MAC001826,ToU,365,365,6,True,True,True
MAC000193,ToU,365,365,12,True,True,True
MAC000194,ToU,365,363,12,True,True,True
MAC001098,Std,365,365,7,True,True,True
MAC000050,Std,107,106,12,True,True,True
MAC003022,Std,0,0,6,False,False,False
MAC000073,Std,365,365,12,True,True,True
MAC003018,Std,365,365,7,True,True,True
MAC000741,Std,52,51,8,True,True,True
MAC001825,ToU,365,365,6,True,True,True
MAC002497,ToU,365,364,5,True,False,True
MAC002218,Std,365,349,5,True,False,True
MAC000692,Std,365,365,8,True,True,True
MAC002170,Std,365,365,6,True,True,True
MAC001612,ToU,365,365,7,True,True,True
MAC004389,Std,365,364,9,True,True,True
MAC001766,Std,365,362,6,True,True,True
MAC004990,ToU,365,365,11,True,True,True
MAC004386,Std,365,365,9,True,True,True
MAC004385,Std,365,365,9,True,True,True
MAC001768,Std,365,364,6,True,True,True
MAC000632,Std,365,365,8,True,True,True
MAC001370,Std,365,365,7,True,True,True
MAC000289,Std,365,365,10,True,True,True
MAC000063,Std,266,266,12,True,True,True
MAC003709,Std,365,365,2,True,False,False
MAC002157,Std,365,361,6,True,True,True
MAC002155,Std,0,0,5,False,False,False
MAC004364,Std,0,0,7,False,False,False
MAC000619,Std,0,0,7,False,False,False
MAC001614,ToU,365,365,7,True,True,True
MAC002335,Std,365,365,8,True,True,True
MAC000647,Std,365,365,8,True,True,True
MAC004409,Std,365,365,9,True,True,True
MAC001135,Std,365,365,7,True,True,True
MAC004475,Std,365,364,12,True,True,True
MAC005351,Std,365,365,10,True,True,True
MAC002505,Std,365,365,5,True,False,True
MAC001735,Std,365,364,7,True,True,True
MAC002978,Std,186,185,5,True,False,True
MAC002649,Std,365,364,7,True,True,True
MAC000085,Std,365,365,12,True,True,True
MAC004434,Std,365,365,9,True,True,True
MAC002965,Std,365,365,5,True,False,True
MAC001642,ToU,365,365,7,True,True,True
MAC004948,ToU,365,365,11,True,True,True
MAC004949,ToU,247,246,11,True,True,True
MAC002190,Std,365,365,6,True,True,True
MAC004968,ToU,240,240,11,True,True,True
MAC001157,Std,365,365,7,True,True,True
MAC005154,Std,327,325,7,True,True,True
MAC002946,Std,365,365,5,True,False,True
MAC000139,ToU,273,272,12,True,True,True
MAC004647,Std,365,365,5,True,False,True
MAC004611,ToU,365,363,5,True,False,True
MAC001552,Std,365,365,7,True,True,True
MAC002458,Std,365,365,8,True,True,True
MAC004888,Std,93,93,11,True,True,True
MAC004887,Std,365,365,11,True,True,True
MAC001561,Std,365,365,7,True,True,True
MAC003146,Std,365,365,5,True,False,True
MAC002428,Std,365,365,8,True,True,True
MAC005453,Std,365,365,8,True,True,True
MAC002230,ToU,365,364,8,True,True,True
MAC004218,ToU,365,364,7,True,True,True
MAC005003,Std,365,365,11,True,True,True
MAC001580,Std,365,363,7,True,True,True
MAC002243,ToU,365,365,8,True,True,True
MAC002083,ToU,365,365,6,True,True,True
MAC004843,Std,365,365,7,True,True,True
MAC001584,Std,365,364,7,True,True,True
MAC000888,Std,365,365,8,True,True,True
MAC001502,Std,365,365,7,True,True,True
MAC004091,ToU,365,365,7,True,True,True
MAC000079,Std,365,355,12,True,True,True
MAC001000,Std,365,365,8,True,True,True
MAC004953,Std,365,365,11,True,True,True
MAC000311,Std,365,365,9,True,True,True
MAC004945,Std,365,365,11,True,True,True
MAC001518,Std,365,365,7,True,True,True
MAC000983,Std,185,184,8,True,True,True
MAC002166,ToU,365,365,6,True,True,True
MAC004928,Std,365,365,11,True,True,True
MAC004927,Std,365,365,11,True,True,True
MAC004263,ToU,365,365,7,True,True,True
MAC000957,Std,365,365,8,True,True,True
MAC004976,Std,261,260,11,True,True,True
MAC001539,Std,365,365,7,True,True,True
MAC003229,Std,365,363,3,True,False,False
MAC004916,Std,365,365,11,True,True,True
MAC004915,Std,365,365,11,True,True,True
MAC004911,Std,365,365,11,True,True,True
MAC004987,Std,365,365,11,True,True,True
MAC002148,ToU,365,365,6,True,True,True
MAC004924,Std,365,363,11,True,True,True
MAC000883,Std,49,48,8,True,True,True
MAC000105,Std,365,364,12,True,True,True
MAC002247,ToU,365,315,8,False,False,False
MAC004718,Std,365,365,9,True,True,True
MAC003093,Std,365,365,7,True,True,True
MAC004704,Std,248,248,5,True,False,True
MAC005380,Std,365,365,10,True,True,True
MAC002358,Std,365,365,8,True,True,True
MAC000815,Std,365,365,8,True,True,True
MAC004686,Std,365,365,5,True,False,True
MAC001873,ToU,365,363,6,True,True,True
MAC001928,ToU,365,365,6,True,True,True
MAC000808,Std,365,365,8,True,True,True
MAC000052,ToU,365,365,12,True,True,True
MAC004677,Std,365,365,5,True,False,True
MAC001638,Std,365,365,7,True,True,True
MAC004666,Std,365,365,5,True,False,True
MAC000377,Std,365,364,9,True,True,True
MAC001070,Std,365,364,7,True,True,True
MAC000109,ToU,365,365,12,True,True,True
MAC004653,Std,365,365,5,True,False,True
MAC004590,ToU,365,364,5,True,False,True
MAC004360,Std,365,365,9,True,True,True
MAC004448,ToU,365,365,9,True,True,True
MAC004439,ToU,365,365,9,True,True,True
MAC005015,Std,365,363,11,True,True,True
MAC005504,Std,365,365,8,True,True,True
MAC000871,Std,365,365,8,True,True,True
MAC004318,ToU,365,365,7,True,True,True
MAC002555,Std,365,365,5,True,False,True
MAC000866,Std,365,365,8,True,True,True
MAC005517,Std,365,365,8,True,True,True
MAC000863,Std,228,227,8,True,True,True
MAC003100,Std,365,365,5,True,False,False
MAC003364,Std,365,365,3,True,False,False
MAC002380,Std,365,365,8,True,True,True
MAC004760,Std,365,365,9,True,True,True
MAC000026,Std,365,364,12,True,True,True
MAC002005,ToU,365,365,6,True,True,True
MAC001613,Std,365,362,7,True,True,True
MAC002375,Std,365,365,8,True,True,True
MAC004399,ToU,365,365,9,True,True,True
MAC004740,Std,365,365,9,True,True,True
MAC003708,ToU,365,365,2,True,False,False
MAC002153,Std,365,365,6,True,True,True
MAC004959,Std,365,365,11,True,True,True
MAC002928,Std,365,365,6,True,True,True
MAC001352,ToU,365,365,7,True,True,True
MAC002929,Std,365,365,5,True,False,True
MAC001869,Std,365,365,6,True,True,True
MAC002050,Std,365,365,6,True,True,True
MAC004178,Std,358,356,7,True,True,True
MAC002725,Std,365,364,7,True,True,True
MAC005324,ToU,365,365,10,True,True,True
MAC001867,Std,365,365,6,True,True,True
MAC005224,Std,365,365,10,True,True,True
MAC002036,Std,365,364,6,True,True,True
MAC005349,ToU,365,365,10,True,True,True
MAC002931,ToU,365,365,5,True,False,True
MAC005354,ToU,365,236,10,False,False,False
MAC001235,Std,365,365,7,True,True,True
MAC002024,Std,16,15,6,True,True,True
MAC005280,Std,365,365,10,True,True,True
MAC000931,ToU,365,365,8,True,True,True
MAC000884,ToU,365,365,8,True,True,True
MAC002851,Std,365,365,7,True,True,True
MAC001221,Std,365,365,7,True,True,True
MAC005255,ToU,365,365,10,True,True,True
MAC005211,Std,365,365,10,True,True,True
MAC001437,ToU,365,365,7,True,True,True
MAC000393,Std,0,0,8,False,False,False
MAC001420,ToU,365,365,7,True,True,True
MAC000531,Std,365,364,9,True,True,True
MAC004225,Std,365,365,7,True,True,True
MAC000830,ToU,365,365,8,True,True,True
MAC000322,Std,365,365,9,True,True,True
MAC000522,Std,365,364,9,True,True,True
MAC001402,ToU,365,365,7,True,True,True
MAC004205,Std,365,365,7,True,True,True
MAC004198,Std,257,256,7,True,True,True
MAC002063,Std,365,365,6,True,True,True
MAC005219,Std,365,365,10,True,True,True
MAC004193,Std,365,365,7,True,True,True
MAC000857,ToU,365,365,8,True,True,True
MAC002014,Std,0,0,5,False,False,False
MAC002010,Std,365,365,6,True,True,True
MAC000985,ToU,365,365,8,True,True,True
MAC000462,Std,365,365,9,True,True,True
MAC002765,ToU,365,365,7,True,True,True
MAC004016,Std,365,365,5,True,False,True
MAC005244,Std,365,365,10,True,True,True
MAC001166,ToU,365,365,7,True,True,True
MAC005249,Std,365,365,10,True,True,True
MAC004026,Std,365,365,5,True,False,True
MAC001964,Std,365,365,6,True,True,True
MAC005252,Std,365,363,10,True,True,True
MAC005273,Std,365,365,10,True,True,True
MAC001116,ToU,322,322,7,True,True,True
MAC005254,Std,365,365,10,True,True,True
MAC001956,Std,365,365,6,True,True,True
MAC004051,Std,365,365,5,True,False,True
MAC002779,Std,365,365,7,True,True,True
MAC004075,Std,365,365,7,True,True,True
MAC005261,Std,365,365,10,True,True,True
MAC004070,Std,365,361,7,True,True,True
MAC001980,Std,365,365,6,True,True,True
MAC004242,Std,49,48,7,True,True,True
MAC002805,Std,365,365,7,True,True,True
MAC004006,Std,365,365,5,True,False,True
MAC001897,Std,365,364,6,True,True,True
MAC003958,Std,365,365,5,True,False,True
MAC001232,ToU,365,365,7,True,True,True
MAC000455,Std,365,365,9,True,True,True
MAC002820,Std,365,365,7,True,True,True
MAC005275,Std,365,365,10,True,True,True
MAC002751,Std,365,365,7,True,True,True
MAC001999,Std,365,365,6,True,True,True
MAC002812,Std,365,364,7,True,True,True
MAC003987,Std,365,365,5,True,False,True
MAC002741,ToU,365,365,7,True,True,True
MAC001255,Std,365,365,7,True,True,True
MAC002891,ToU,365,365,5,True,False,True
MAC000442,Std,365,365,9,True,True,True
MAC000326,Std,365,365,9,True,True,True
MAC001258,Std,228,227,6,True,True,True
MAC004111,Std,365,365,7,True,True,True
MAC004007,Std,365,365,5,True,False,True
MAC000155,Std,365,365,12,True,True,True
MAC000503,Std,365,365,9,True,True,True
MAC000814,ToU,365,365,8,True,True,True
MAC005318,Std,365,364,10,True,True,True
MAC002885,Std,365,365,5,True,False,True
MAC004276,Std,365,365,7,True,True,True
MAC002109,Std,365,365,6,True,True,True
MAC001803,Std,365,363,6,True,True,True
MAC005316,Std,330,329,10,True,True,True
MAC001359,Std,365,365,6,True,True,True
MAC005134,ToU,365,365,7,True,True,True
MAC002138,Std,365,365,6,True,True,True
MAC005184,ToU,365,365,11,True,True,True
MAC005106,ToU,365,365,7,True,True,True
MAC004340,Std,365,365,9,True,True,True
MAC002137,Std,365,365,6,True,True,True
MAC001800,Std,365,365,6,True,True,True
MAC005179,ToU,365,365,11,True,True,True
MAC005182,Std,365,365,11,True,True,True
MAC004280,Std,365,364,7,True,True,True
MAC002884,Std,365,365,5,True,False,True
MAC004292,Std,365,364,7,True,True,True
MAC004348,Std,365,365,9,True,True,True
MAC001495,ToU,365,365,7,True,True,True
MAC002622,ToU,365,365,7,True,True,True
MAC005181,Std,365,365,11,True,True,True
MAC002645,ToU,365,365,7,True,True,True
MAC005206,Std,365,365,10,True,True,True
MAC001821,Std,365,365,6,True,True,True
MAC005195,Std,365,365,11,True,True,True
MAC000803,ToU,365,365,8,True,True,True
MAC004311,Std,75,74,7,True,True,True
MAC005070,ToU,365,365,7,True,True,True
MAC000572,Std,365,365,8,True,True,True
MAC000551,Std,365,365,8,True,True,True
MAC005205,Std,323,322,10,True,True,True
MAC000291,Std,365,365,10,True,True,True
MAC002670,Std,339,338,7,True,True,True
MAC002144,Std,365,365,6,True,True,True
MAC001787,Std,365,364,6,True,True,True
MAC002543,Std,365,365,5,True,False,True
MAC002556,Std,365,365,5,True,False,True
MAC002660,Std,365,363,7,True,True,True
MAC005399,Std,365,365,10,True,True,True
MAC002545,Std,327,326,5,True,False,True
MAC005329,Std,365,365,10,True,True,True
MAC002681,Std,365,365,7,True,True,True
MAC002752,Std,365,365,7,True,True,True
MAC005323,Std,365,365,10,True,True,True
MAC002542,Std,365,365,5,True,False,True
MAC002656,Std,365,365,7,True,True,True
MAC002546,Std,365,365,5,True,False,True
MAC005276,Std,365,365,10,True,True,True
MAC005314,Std,365,365,10,True,True,True
MAC002683,Std,365,365,7,True,True,True
MAC005326,Std,365,365,10,True,True,True
MAC005394,Std,365,365,10,True,True,True
MAC005327,Std,365,365,10,True,True,True
MAC005393,Std,365,365,10,True,True,True
MAC005315,Std,365,365,10,True,True,True
MAC002548,Std,365,365,5,True,False,True
MAC002549,Std,365,364,5,True,False,True
MAC002550,Std,365,365,5,True,False,True
MAC002750,Std,365,365,7,True,True,True
MAC005313,Std,365,365,10,True,True,True
MAC005392,Std,365,365,10,True,True,True
MAC000113,Std,365,359,12,True,True,True
MAC002754,Std,365,365,7,True,True,True
MAC002517,Std,365,365,5,True,False,True
MAC005322,Std,212,212,10,True,True,True
MAC005412,Std,365,365,10,True,True,True
MAC005270,Std,365,365,10,True,True,True
MAC005415,Std,365,365,10,True,True,True
MAC002764,Std,365,362,7,True,True,True
MAC002514,Std,365,365,5,True,False,True
MAC002663,Std,365,365,7,True,True,True
MAC002513,Std,365,365,5,True,False,True
MAC002512,Std,365,363,5,True,False,True
MAC005269,Std,365,363,10,True,True,True
MAC005416,Std,365,365,10,True,True,True
MAC002510,Std,323,322,5,True,False,True
MAC002666,Std,365,364,7,True,True,True
MAC002767,Std,261,260,7,True,True,True
MAC002509,Std,365,365,5,True,False,True
MAC005319,Std,365,365,10,True,True,True
MAC002518,Std,365,365,5,True,False,True
MAC002519,Std,365,365,5,True,False,True
MAC002761,Std,365,364,7,True,True,True
MAC005403,Std,365,365,10,True,True,True
MAC002539,Std,365,365,5,True,False,True
MAC005404,Std,365,365,10,True,True,True
MAC005405,Std,365,365,10,True,True,True
MAC002530,Std,365,365,5,True,False,True
MAC002676,Std,365,365,7,True,True,True
MAC005331,Std,365,297,9,False,False,False
MAC005407,Std,365,365,10,True,True,True
MAC005408,Std,365,365,10,True,True,True
MAC002525,Std,365,365,5,True,False,True
MAC002756,Std,365,365,7,True,True,True
MAC005317,Std,365,365,10,True,True,True
MAC005411,Std,365,365,10,True,True,True
MAC002662,Std,365,365,7,True,True,True
MAC002757,Std,365,365,7,True,True,True
MAC005274,Std,0,0,8,False,False,False
MAC002522,Std,365,365,5,True,False,True
MAC005400,Std,365,365,10,True,True,True
MAC002557,Std,365,359,5,True,False,True
MAC000309,Std,365,364,9,True,True,True
MAC002558,Std,365,365,5,True,False,True
MAC002702,Std,365,365,7,True,True,True
MAC005367,Std,365,364,10,True,True,True
MAC000301,Std,365,365,10,True,True,True
MAC002605,Std,365,365,5,True,False,True
MAC002603,Std,365,365,5,True,False,True
MAC000302,Std,365,363,9,True,True,True
MAC005358,Std,365,365,10,True,True,True
MAC005295,Std,365,365,10,True,True,True
MAC005296,Std,365,365,10,True,True,True
MAC002635,Std,365,365,7,True,True,True
MAC002598,Std,365,365,5,True,False,True
MAC002636,Std,365,365,7,True,True,True
MAC002597,Std,365,268,5,False,False,False
MAC005356,Std,365,365,10,True,True,True
MAC005373,Std,365,365,10,True,True,True
MAC005355,Std,365,365,10,True,True,True
MAC005294,Std,365,365,10,True,True,True
MAC005309,Std,365,365,10,True,True,True
MAC000304,Std,365,365,9,True,True,True
MAC002608,Std,365,365,5,True,False,True
MAC002719,Std,365,365,7,True,True,True
MAC005360,Std,365,365,10,True,True,True
MAC002623,Std,365,362,8,True,True,True
MAC002621,Std,365,365,8,True,True,True
MAC005362,Std,365,365,10,True,True,True
MAC002620,Std,365,365,8,True,True,True
MAC005304,Std,365,365,10,True,True,True
MAC002626,Std,365,365,7,True,True,True
MAC005302,Std,365,365,10,True,True,True
MAC002617,Std,229,229,8,True,True,True
MAC005301,Std,365,365,10,True,True,True
MAC005307,Std,365,365,10,True,True,True
MAC005300,Std,365,365,10,True,True,True
MAC000299,Std,365,348,8,True,True,True
MAC002616,Std,365,365,8,True,True,True
MAC005299,Std,365,365,10,True,True,True
MAC005297,Std,365,365,10,True,True,True
MAC002615,Std,365,357,8,True,True,True
MAC000300,Std,365,365,10,True,True,True
MAC005365,Std,365,365,10,True,True,True
MAC002611,Std,365,365,5,True,False,True
MAC005375,Std,365,365,10,True,True,True
MAC005277,Std,365,365,10,True,True,True
MAC002590,Std,254,252,5,True,False,True
MAC005353,Std,327,324,10,True,True,True
MAC002648,Std,365,365,5,True,False,False
MAC002735,Std,365,365,6,True,True,True
MAC005383,Std,365,365,10,True,True,True
MAC005286,Std,23,22,10,True,True,True
MAC002567,Std,339,338,5,True,False,True
MAC005387,Std,365,365,10,True,True,True
MAC002564,Std,365,365,5,True,False,True
MAC002737,Std,365,365,7,True,True,True
MAC002570,Std,365,365,5,True,False,True
MAC000308,Std,365,365,9,True,True,True
MAC002740,Std,365,364,7,True,True,True
MAC005282,Std,365,365,10,True,True,True
MAC005333,Std,365,365,10,True,True,True
MAC002693,Std,365,365,7,True,True,True
MAC005390,Std,365,365,10,True,True,True
MAC002691,Std,365,365,7,True,True,True
MAC005391,Std,66,65,10,True,True,True
MAC002744,Std,365,364,7,True,True,True
MAC005285,Std,365,362,10,True,True,True
MAC002571,Std,365,365,5,True,False,True
MAC005293,Std,365,365,10,True,True,True
MAC005334,Std,365,365,10,True,True,True
MAC002587,Std,365,365,5,True,False,True
MAC002584,Std,365,365,5,True,False,True
MAC002583,Std,365,365,5,True,False,True
MAC002641,Std,365,365,8,True,True,True
MAC002724,Std,365,365,7,True,True,True
MAC000306,Std,365,365,9,True,True,True
MAC005346,Std,365,365,10,True,True,True
MAC002727,Std,365,346,6,True,True,True
MAC002697,Std,365,365,7,True,True,True
MAC005311,Std,365,365,10,True,True,True
MAC002644,Std,365,365,7,True,True,True
MAC002581,Std,365,365,5,True,False,True
MAC005378,Std,365,364,10,True,True,True
MAC002729,Std,365,365,7,True,True,True
MAC002730,Std,365,365,7,True,True,True
MAC005343,Std,365,365,10,True,True,True
MAC000307,Std,365,365,9,True,True,True
MAC002573,Std,365,365,5,True,False,True
MAC005382,Std,365,365,10,True,True,True
MAC002588,Std,365,365,5,True,False,True
MAC002244,Std,365,365,8,True,True,True
MAC002372,Std,365,365,8,True,True,True
MAC002504,Std,365,365,5,True,False,True
MAC002142,Std,365,365,6,True,True,True
MAC002141,Std,365,365,5,True,False,True
MAC000681,ToU,365,365,8,True,True,True
MAC002135,Std,365,364,6,True,True,True
MAC002133,Std,365,364,6,True,True,True
MAC002130,Std,365,365,6,True,True,True
MAC000709,ToU,365,365,8,True,True,True
MAC002125,Std,365,364,6,True,True,True
MAC000716,ToU,365,365,8,True,True,True
MAC000719,ToU,365,365,8,True,True,True
MAC002121,Std,365,365,6,True,True,True
MAC002120,Std,365,365,6,True,True,True
MAC002143,Std,365,365,6,True,True,True
MAC000722,ToU,365,365,8,True,True,True
MAC002112,Std,365,365,6,True,True,True
MAC000738,ToU,248,247,8,True,True,True
MAC000755,ToU,365,365,8,True,True,True
MAC000766,ToU,365,365,8,True,True,True
MAC002100,Std,365,365,6,True,True,True
MAC000772,ToU,365,365,8,True,True,True
MAC002096,Std,365,365,6,True,True,True
MAC000775,ToU,365,361,8,True,True,True
MAC000785,ToU,365,365,8,True,True,True
MAC002091,Std,365,364,6,True,True,True
MAC000791,ToU,365,365,8,True,True,True
MAC002082,Std,365,363,6,True,True,True
MAC002114,Std,365,365,6,True,True,True
MAC000817,ToU,365,365,8,True,True,True
MAC002145,Std,365,365,6,True,True,True
MAC000320,Std,365,365,9,True,True,True
MAC002204,Std,365,365,6,True,True,True
MAC002203,Std,365,363,6,True,True,True
MAC002202,Std,365,365,6,True,True,True
MAC002200,Std,165,164,6,True,True,True
MAC000521,ToU,365,364,9,True,True,True
MAC000523,ToU,365,362,9,True,True,True
MAC000525,ToU,365,365,9,True,True,True
MAC000544,ToU,365,365,8,True,True,True
MAC000561,ToU,365,364,8,True,True,True
MAC000095,Std,273,272,12,True,True,True
MAC002187,Std,288,286,6,True,True,True
MAC002184,Std,365,364,6,True,True,True
MAC000673,ToU,365,365,8,True,True,True
MAC002180,Std,365,364,6,True,True,True
MAC000628,ToU,365,365,8,True,True,True
MAC002172,Std,365,365,6,True,True,True
MAC002171,Std,171,170,6,True,True,True
MAC000633,ToU,365,365,8,True,True,True
MAC002165,Std,365,364,6,True,True,True
MAC002162,Std,365,363,6,True,True,True
MAC000640,ToU,365,365,8,True,True,True
MAC002160,Std,365,365,6,True,True,True
MAC000665,ToU,365,365,8,True,True,True
MAC002158,Std,365,365,6,True,True,True
MAC000666,ToU,322,322,8,True,True,True
MAC000672,ToU,365,364,8,True,True,True
MAC002179,Std,365,365,6,True,True,True
MAC000819,ToU,365,365,8,True,True,True
MAC002078,Std,365,365,6,True,True,True
MAC000822,ToU,365,365,8,True,True,True
MAC000994,ToU,365,365,8,True,True,True
MAC001004,ToU,365,365,8,True,True,True
MAC001013,ToU,365,365,8,True,True,True
MAC001995,Std,365,365,6,True,True,True
MAC001014,ToU,365,364,8,True,True,True
MAC001015,ToU,365,365,8,True,True,True
MAC001990,Std,365,365,6,True,True,True
MAC000327,Std,365,365,9,True,True,True
MAC001987,Std,204,203,6,True,True,True
MAC001024,ToU,365,365,8,True,True,True
MAC001979,Std,365,365,6,True,True,True
MAC001978,Std,365,365,6,True,True,True
MAC002002,Std,365,364,6,True,True,True
MAC001030,ToU,365,365,8,True,True,True
MAC001970,Std,365,365,6,True,True,True
MAC001075,ToU,365,352,7,True,True,True
MAC001087,ToU,365,365,7,True,True,True
MAC001963,Std,365,365,6,True,True,True
MAC001962,Std,365,365,6,True,True,True
MAC001960,Std,365,365,6,True,True,True
MAC000330,Std,365,365,9,True,True,True
MAC001957,Std,0,0,0,False,False,False
MAC001096,ToU,365,365,7,True,True,True
MAC001954,Std,365,364,6,True,True,True
MAC001097,ToU,365,365,7,True,True,True
MAC001950,Std,365,365,6,True,True,True
MAC001972,Std,365,365,6,True,True,True
MAC000993,ToU,365,365,8,True,True,True
MAC000991,ToU,365,365,8,True,True,True
MAC002007,Std,365,365,6,True,True,True
MAC000828,ToU,365,365,8,True,True,True
MAC002072,Std,365,364,6,True,True,True
MAC000321,Std,365,364,9,True,True,True
MAC002066,Std,365,365,6,True,True,True
MAC002064,Std,365,364,6,True,True,True
MAC000851,ToU,365,364,8,True,True,True
MAC002058,Std,365,365,6,True,True,True
MAC000868,ToU,365,365,8,True,True,True
MAC000877,ToU,365,364,8,True,True,True
MAC000878,ToU,365,365,8,True,True,True
MAC000895,ToU,365,365,8,True,True,True
MAC002047,Std,365,365,6,True,True,True
MAC000910,ToU,365,365,8,True,True,True
MAC002042,Std,365,365,6,True,True,True
MAC000935,ToU,365,365,8,True,True,True
MAC000939,ToU,365,365,8,True,True,True
MAC000942,ToU,365,365,8,True,True,True
MAC000945,ToU,365,365,8,True,True,True
MAC002027,Std,365,365,6,True,True,True
MAC002026,Std,365,365,6,True,True,True
MAC000324,Std,365,365,9,True,True,True
MAC000982,ToU,365,365,8,True,True,True
MAC002019,Std,244,242,6,True,True,True
MAC002018,Std,28,27,6,True,True,True
MAC002016,Std,365,363,6,True,True,True
MAC000325,Std,327,326,9,True,True,True
MAC002008,Std,365,365,6,True,True,True
MAC000500,ToU,365,365,9,True,True,True
MAC002207,Std,49,48,6,True,True,True
MAC000497,ToU,365,365,9,True,True,True
MAC002210,Std,365,365,6,True,True,True
MAC005455,Std,365,365,8,True,True,True
MAC005457,Std,365,365,8,True,True,True
MAC005459,Std,365,365,8,True,True,True
MAC005462,Std,365,365,8,True,True,True
MAC005469,Std,365,365,8,True,True,True
MAC005479,Std,365,364,8,True,True,True
MAC002407,Std,365,365,8,True,True,True
MAC005491,Std,365,365,8,True,True,True
MAC005496,Std,344,343,8,True,True,True
MAC002399,Std,365,365,8,True,True,True
MAC005497,Std,365,365,8,True,True,True
MAC002394,Std,365,365,8,True,True,True
MAC005454,Std,136,135,8,True,True,True
MAC005502,Std,365,365,8,True,True,True
MAC005505,Std,365,365,8,True,True,True
MAC005521,Std,365,365,8,True,True,True
MAC005526,Std,365,365,8,True,True,True
MAC005531,Std,320,318,8,True,True,True
MAC005532,Std,365,365,8,True,True,True
MAC002381,Std,365,365,8,True,True,True
MAC005539,Std,365,365,8,True,True,True
MAC002378,Std,354,353,8,True,True,True
MAC002374,Std,29,28,8,True,True,True
MAC005268,Std,365,365,10,True,True,True
MAC005552,Std,365,365,8,True,True,True
MAC002370,Std,365,365,8,True,True,True
MAC002390,Std,365,365,8,True,True,True
MAC005447,Std,365,364,8,True,True,True
MAC005446,Std,365,365,8,True,True,True
MAC002434,Std,365,365,8,True,True,True
MAC005417,Std,365,365,10,True,True,True
MAC002499,Std,365,365,5,True,False,True
MAC002498,Std,331,330,5,True,False,True
MAC002495,Std,90,89,5,True,False,True
MAC002494,Std,365,365,5,True,False,True
MAC005418,Std,365,365,10,True,True,True
MAC002492,Std,365,365,5,True,False,True
MAC005419,Std,365,365,10,True,True,True
MAC005420,Std,365,365,10,True,True,True
MAC000312,Std,365,365,9,True,True,True
MAC002479,Std,365,363,8,True,True,True
MAC002478,Std,365,365,8,True,True,True
MAC002477,Std,365,363,8,True,True,True
MAC005423,Std,365,362,10,True,True,True
MAC002471,Std,155,154,8,True,True,True
MAC002469,Std,365,365,8,True,True,True
MAC005426,Std,365,364,8,True,True,True
MAC005428,Std,365,365,8,True,True,True
MAC005433,Std,365,365,8,True,True,True
MAC002454,Std,365,365,8,True,True,True
MAC005437,Std,365,365,8,True,True,True
MAC002447,Std,46,46,8,True,True,True
MAC002442,Std,323,322,8,True,True,True
MAC002441,Std,365,365,8,True,True,True
MAC005440,Std,365,364,8,True,True,True
MAC005442,Std,365,365,8,True,True,True
MAC002436,Std,365,365,8,True,True,True
MAC005553,Std,365,365,8,True,True,True
MAC002506,Std,365,365,5,True,False,True
MAC005554,Std,365,365,7,True,True,True
MAC005558,Std,365,232,0,False,False,False
MAC000219,ToU,365,365,12,True,True,True
MAC002302,Std,365,365,8,True,True,True
MAC000257,ToU,365,365,12,True,True,True
MAC002297,Std,365,356,8,True,True,True
MAC002289,Std,365,365,8,True,True,True
MAC000288,ToU,365,365,10,True,True,True
MAC000298,ToU,365,365,10,True,True,True
MAC002285,Std,365,365,8,True,True,True
MAC002282,Std,365,365,8,True,True,True
MAC000344,ToU,365,365,9,True,True,True
MAC002271,Std,365,364,8,True,True,True
MAC000384,ToU,365,365,9,True,True,True
MAC002306,Std,365,365,8,True,True,True
MAC000418,ToU,365,365,9,True,True,True
MAC000421,ToU,365,365,9,True,True,True
MAC002257,Std,365,365,8,True,True,True
MAC002255,Std,365,365,8,True,True,True
MAC002250,Std,365,365,8,True,True,True
MAC002241,Std,365,365,8,True,True,True
MAC002228,Std,365,365,8,True,True,True
MAC002224,Std,365,365,6,True,True,True
MAC000475,ToU,365,364,9,True,True,True
MAC002221,Std,365,365,6,True,True,True
MAC000478,ToU,365,365,9,True,True,True
MAC002213,Std,365,365,6,True,True,True
MAC002211,Std,365,364,6,True,True,True
MAC002259,Std,365,365,8,True,True,True
MAC002307,Std,365,364,8,True,True,True
MAC002310,Std,365,365,8,True,True,True
MAC000186,ToU,365,365,12,True,True,True
MAC005566,Std,365,365,3,True,False,False
MAC000015,ToU,365,362,12,True,True,True
MAC002361,Std,365,364,8,True,True,True
MAC002360,Std,365,365,8,True,True,True
MAC002359,Std,365,365,8,True,True,True
MAC002355,Std,365,361,8,True,True,True
MAC000048,ToU,365,365,12,True,True,True
MAC000064,ToU,365,365,12,True,True,True
MAC000075,ToU,365,365,12,True,True,True
MAC000076,ToU,365,365,12,True,True,True
MAC000082,ToU,365,365,12,True,True,True
MAC002343,Std,365,363,8,True,True,True
MAC002341,Std,365,365,8,True,True,True
MAC002340,Std,365,365,8,True,True,True
MAC002338,Std,30,29,8,True,True,True
MAC002333,Std,365,365,8,True,True,True
MAC000141,ToU,365,365,12,True,True,True
MAC002330,Std,365,363,8,True,True,True
MAC002326,Std,365,365,8,True,True,True
MAC000165,ToU,365,365,12,True,True,True
MAC002322,Std,365,365,8,True,True,True
MAC002321,Std,365,365,8,True,True,True
MAC002319,Std,365,365,8,True,True,True
MAC002317,Std,365,365,8,True,True,True
MAC000173,ToU,365,365,12,True,True,True
MAC000315,Std,365,365,7,True,True,True
MAC002313,Std,58,57,8,True,True,True
MAC005555,Std,365,365,12,True,True,True
MAC005267,Std,365,365,10,True,True,True
MAC002907,Std,365,365,5,True,False,True
MAC005263,Std,365,365,10,True,True,True
MAC004463,Std,365,365,12,True,True,True
MAC004468,Std,365,365,12,True,True,True
MAC004470,Std,365,365,12,True,True,True
MAC004471,Std,234,233,12,True,True,True
MAC004473,Std,365,365,12,True,True,True
MAC004474,Std,159,158,12,True,True,True
MAC004476,Std,365,365,12,True,True,True
MAC004477,Std,365,365,12,True,True,True
MAC003603,Std,365,365,2,True,False,False
MAC004480,Std,322,321,12,True,True,True
MAC004482,Std,365,364,12,True,True,True
MAC004487,Std,365,365,12,True,True,True
MAC004496,Std,365,364,12,True,True,True
MAC004458,Std,365,365,12,True,True,True
MAC004500,Std,365,365,12,True,True,True
MAC004510,Std,365,365,12,True,True,True
MAC004511,Std,365,365,12,True,True,True
MAC004512,Std,365,365,12,True,True,True
MAC004517,Std,365,365,12,True,True,True
MAC004518,Std,365,365,12,True,True,True
MAC004519,Std,365,365,12,True,True,True
MAC004522,Std,365,365,12,True,True,True
MAC004528,Std,365,364,12,True,True,True
MAC004531,Std,365,363,12,True,True,True
MAC004534,Std,365,365,12,True,True,True
MAC003562,Std,365,364,2,True,False,False
MAC004535,Std,365,365,12,True,True,True
MAC004536,Std,52,51,12,True,True,True
MAC000214,Std,365,365,12,True,True,True
MAC000138,Std,365,365,12,True,True,True
MAC004454,Std,365,365,9,True,True,True
MAC004452,Std,365,365,9,True,True,True
MAC003711,Std,365,356,2,True,False,False
MAC003710,Std,365,365,2,True,False,False
MAC000398,Std,365,339,9,True,True,True
MAC000150,Std,365,365,12,True,True,True
MAC004373,Std,365,365,9,True,True,True
MAC004377,Std,365,364,9,True,True,True
MAC004379,Std,365,365,9,True,True,True
MAC004380,Std,365,365,9,True,True,True
MAC004383,Std,365,364,9,True,True,True
MAC004388,Std,365,365,9,True,True,True
MAC000203,Std,365,365,12,True,True,True
MAC004390,Std,365,363,9,True,True,True
MAC004394,Std,365,365,9,True,True,True
MAC004398,Std,365,364,9,True,True,True
MAC004402,Std,365,365,9,True,True,True
MAC004404,Std,365,365,9,True,True,True
MAC004410,Std,365,365,9,True,True,True
MAC004411,Std,365,365,9,True,True,True
MAC004413,Std,365,365,9,True,True,True
MAC000144,Std,261,260,12,True,True,True
MAC000205,Std,365,365,12,True,True,True
MAC004421,Std,365,365,9,True,True,True
MAC004426,Std,365,365,9,True,True,True
MAC004428,Std,365,365,9,True,True,True
MAC004430,Std,365,365,9,True,True,True
MAC004432,Std,52,51,9,True,True,True
MAC004438,Std,365,365,9,True,True,True
MAC004443,Std,365,364,9,True,True,True
MAC004446,Std,365,365,9,True,True,True
MAC000218,Std,365,365,12,True,True,True
MAC003554,Std,24,23,2,True,False,False
MAC000220,Std,365,365,12,True,True,True
MAC004537,Std,365,364,12,True,True,True
MAC004644,Std,365,364,5,True,False,True
MAC003465,Std,365,365,3,True,False,False
MAC004645,Std,365,365,5,True,False,True
MAC003460,Std,365,365,3,True,False,False
MAC004648,Std,365,365,5,True,False,True
MAC004650,Std,365,365,5,True,False,True
MAC004656,Std,365,364,5,True,False,True
MAC003451,Std,365,365,0,True,False,False
MAC000228,Std,365,365,12,True,True,True
MAC000132,Std,365,365,12,True,True,True
MAC004665,Std,365,365,5,True,False,True
MAC004671,Std,365,365,5,True,False,True
MAC000131,Std,365,365,12,True,True,True
MAC004679,Std,0,0,4,False,False,False
MAC004682,Std,365,365,5,True,False,True
MAC004690,Std,365,365,5,True,False,True
MAC004694,Std,365,365,5,True,False,True
MAC004695,Std,365,365,5,True,False,True
MAC000234,Std,365,363,12,True,True,True
MAC004699,Std,365,365,5,True,False,True
MAC004701,Std,365,364,5,True,False,True
MAC004702,Std,365,365,5,True,False,True
MAC004705,Std,365,365,5,True,False,True
MAC004706,Std,365,365,5,True,False,True
MAC004707,Std,365,365,5,True,False,True
MAC004727,Std,365,365,9,True,True,True
MAC004730,Std,365,365,9,True,True,True
MAC000235,Std,365,365,12,True,True,True
MAC004736,Std,365,365,9,True,True,True
MAC004638,Std,365,365,5,True,False,True
MAC004356,Std,365,365,9,True,True,True
MAC004634,Std,365,365,5,True,False,True
MAC004629,Std,365,364,5,True,False,True
MAC004538,Std,184,183,12,True,True,True
MAC000221,Std,365,365,12,True,True,True
MAC004548,Std,322,321,12,True,True,True
MAC004549,Std,365,365,12,True,True,True
MAC004552,Std,365,365,12,True,True,True
MAC004553,Std,365,365,11,True,True,True
MAC004555,Std,365,365,12,True,True,True
MAC004556,Std,365,365,12,True,True,True
MAC004560,Std,95,94,12,True,True,True
MAC004562,Std,365,365,12,True,True,True
MAC004564,Std,365,365,12,True,True,True
MAC004565,Std,365,365,12,True,True,True
MAC004571,Std,365,365,12,True,True,True
MAC004574,Std,365,365,12,True,True,True
MAC004579,Std,365,365,12,True,True,True
MAC004581,Std,365,365,12,True,True,True
MAC004582,Std,365,364,3,True,False,False
MAC004584,Std,365,365,12,True,True,True
MAC004586,Std,365,365,5,True,False,True
MAC003506,Std,365,365,2,True,False,False
MAC004595,Std,365,365,5,True,False,True
MAC004601,Std,365,365,5,True,False,True
MAC004613,Std,365,365,5,True,False,False
MAC004614,Std,365,365,5,True,False,True
MAC004617,Std,365,365,5,True,False,True
MAC004618,Std,365,365,5,True,False,True
MAC004619,Std,365,363,5,True,False,True
MAC004625,Std,365,365,5,True,False,True
MAC004627,Std,365,365,5,True,False,True
MAC000224,Std,254,253,12,True,True,True
MAC003716,Std,115,115,2,True,False,False
MAC004355,Std,365,365,9,True,True,True
MAC004353,Std,365,365,8,True,True,True
MAC003966,Std,365,365,5,True,False,True
MAC003962,Std,365,364,5,True,False,True
MAC004136,Std,365,365,7,True,True,True
MAC004137,Std,106,105,7,True,True,True
MAC003956,Std,365,365,5,True,False,True
MAC003953,Std,365,365,5,True,False,True
MAC003952,Std,365,365,5,True,False,True
MAC003949,Std,365,364,5,True,False,True
MAC004139,Std,365,365,7,True,True,True
MAC003946,Std,325,325,5,True,False,True
MAC003945,Std,365,365,5,True,False,True
MAC003944,Std,365,365,5,True,False,True
MAC003943,Std,365,365,5,True,False,True
MAC004143,Std,365,365,7,True,True,True
MAC003940,Std,365,365,5,True,False,True
MAC003938,Std,365,365,5,True,False,True
MAC004146,Std,365,365,7,True,True,True
MAC003934,Std,365,365,0,True,False,False
MAC004148,Std,365,365,7,True,True,True
MAC003932,Std,365,365,1,True,False,False
MAC004153,Std,365,365,7,True,True,True
MAC004158,Std,365,362,7,True,True,True
MAC004162,Std,365,365,7,True,True,True
MAC004171,Std,365,364,7,True,True,True
MAC004173,Std,365,365,7,True,True,True
MAC004174,Std,365,365,7,True,True,True
MAC003920,Std,365,365,2,True,False,False
MAC004176,Std,365,365,7,True,True,True
MAC003910,Std,365,365,2,True,False,False
MAC003970,Std,365,365,5,True,False,True
MAC000164,Std,365,364,12,True,True,True
MAC003974,Std,365,365,5,True,False,True
MAC003985,Std,365,365,5,True,False,True
MAC004072,Std,365,365,7,True,True,True
MAC004073,Std,365,365,7,True,True,True
MAC004055,Std,365,365,5,True,False,True
MAC004080,Std,365,365,7,True,True,True
MAC004082,Std,365,365,7,True,True,True
MAC004046,Std,219,219,5,True,False,True
MAC004045,Std,365,365,5,True,False,True
MAC004084,Std,365,365,7,True,True,True
MAC004087,Std,365,363,7,True,True,True
MAC004041,Std,365,365,5,True,False,True
MAC000159,Std,365,365,12,True,True,True
MAC004038,Std,365,365,5,True,False,True
MAC004094,Std,365,363,7,True,True,True
MAC000161,Std,72,71,12,True,True,True
MAC004096,Std,365,364,7,True,True,True
MAC004022,Std,365,365,5,True,False,True
MAC004020,Std,365,365,5,True,False,True
MAC004099,Std,365,365,7,True,True,True
MAC004102,Std,365,365,7,True,True,True
MAC004015,Std,365,365,5,True,False,True
MAC004014,Std,365,365,4,True,False,False
MAC004013,Std,365,365,5,True,False,True
MAC004105,Std,365,365,7,True,True,True
MAC004112,Std,365,365,7,True,True,True
MAC004003,Std,365,365,5,True,False,True
MAC004115,Std,365,365,7,True,True,True
MAC004116,Std,365,365,7,True,True,True
MAC003994,Std,365,365,5,True,False,True
MAC003993,Std,365,363,5,True,False,True
MAC004132,Std,365,365,7,True,True,True
MAC000237,Std,365,345,9,True,True,True
MAC004181,Std,365,365,7,True,True,True
MAC004185,Std,365,365,7,True,True,True
MAC000153,Std,365,365,12,True,True,True
MAC004289,Std,365,365,7,True,True,True
MAC003790,Std,365,365,2,True,False,False
MAC003789,Std,365,365,2,True,False,False
MAC004294,Std,365,365,7,True,True,True
MAC004298,Std,365,365,7,True,True,True
MAC004300,Std,365,365,7,True,True,True
MAC003777,Std,365,365,2,True,False,False
MAC000189,Std,365,365,12,True,True,True
MAC004308,Std,365,365,7,True,True,True
MAC004317,Std,365,365,7,True,True,True
MAC000152,Std,365,365,12,True,True,True
MAC004325,Std,365,365,9,True,True,True
MAC004327,Std,365,365,9,True,True,True
MAC004328,Std,365,365,9,True,True,True
MAC004330,Std,365,365,9,True,True,True
MAC004332,Std,365,365,9,True,True,True
MAC000191,Std,365,365,12,True,True,True
MAC003746,Std,365,364,2,True,False,False
MAC004339,Std,365,365,9,True,True,True
MAC004341,Std,365,365,9,True,True,True
MAC004342,Std,365,365,9,True,True,True
MAC004343,Std,365,365,9,True,True,True
MAC004345,Std,365,364,9,True,True,True
MAC004349,Std,365,365,9,True,True,True
MAC004351,Std,365,365,9,True,True,True
MAC003725,Std,343,342,2,True,False,False
MAC003724,Std,365,365,2,True,False,False
MAC004352,Std,365,364,9,True,True,True
MAC003800,Std,365,365,2,True,False,False
MAC003906,Std,365,365,2,True,False,False
MAC004278,Std,365,365,7,True,True,True
MAC000182,Std,338,337,12,True,True,True
MAC000168,Std,365,365,12,True,True,True
MAC003898,Std,365,365,2,True,False,False
MAC004191,Std,365,365,7,True,True,True
MAC004192,Std,365,365,7,True,True,True
MAC000169,Std,365,365,12,True,True,True
MAC004194,Std,365,365,7,True,True,True
MAC004195,Std,365,365,7,True,True,True
MAC004196,Std,365,365,7,True,True,True
MAC004210,Std,365,364,7,True,True,True
MAC004211,Std,365,365,7,True,True,True
MAC000172,Std,234,233,12,True,True,True
MAC004213,Std,365,365,7,True,True,True
MAC004216,Std,365,363,7,True,True,True
MAC004219,Std,365,365,7,True,True,True
MAC004221,Std,365,365,7,True,True,True
MAC004227,Std,29,28,7,True,True,True
MAC000175,Std,365,364,12,True,True,True
MAC003854,Std,365,365,2,True,False,False
MAC004233,Std,365,365,7,True,True,True
MAC000176,Std,365,364,12,True,True,True
MAC004238,Std,365,365,7,True,True,True
MAC003845,Std,365,365,2,True,False,False
MAC004251,Std,365,365,7,True,True,True
MAC000179,Std,365,365,12,True,True,True
MAC004252,Std,365,364,7,True,True,True
MAC004266,Std,365,365,7,True,True,True
MAC004269,Std,365,365,7,True,True,True
MAC000181,Std,365,365,12,True,True,True
MAC003818,Std,365,362,2,True,False,False
MAC004272,Std,365,365,7,True,True,True
MAC004738,Std,365,365,9,True,True,True
MAC000129,Std,365,362,12,True,True,True
MAC004752,Std,365,365,9,True,True,True
MAC003007,Std,365,365,7,True,True,True
MAC003006,Std,327,326,7,True,True,True
MAC003005,Std,365,365,7,True,True,True
MAC003004,Std,365,365,5,True,False,True
MAC000116,Std,365,365,12,True,True,True
MAC005113,Std,365,365,6,True,True,True
MAC000287,Std,343,342,10,True,True,True
MAC005117,Std,365,365,7,True,True,True
MAC005118,Std,49,48,7,True,True,True
MAC005120,Std,365,365,7,True,True,True
MAC002990,Std,365,364,5,True,False,True
MAC002989,Std,130,129,5,True,False,True
MAC002980,Std,365,363,5,True,False,True
MAC005131,Std,365,365,7,True,True,True
MAC002977,Std,365,362,6,True,True,True
MAC002974,Std,365,365,5,True,False,True
MAC002972,Std,365,365,6,True,True,True
MAC002968,Std,365,365,6,True,True,True
MAC005137,Std,365,365,7,True,True,True
MAC002966,Std,365,365,5,True,False,True
MAC005138,Std,365,365,7,True,True,True
MAC002955,Std,365,365,5,True,False,True
MAC002953,Std,365,365,5,True,False,True
MAC002949,Std,365,365,5,True,False,True
MAC002947,Std,365,365,5,True,False,True
MAC002945,Std,365,365,5,True,False,True
MAC002943,Std,365,363,5,True,False,True
MAC002941,Std,365,364,6,True,True,True
MAC002939,Std,365,365,5,True,False,True
MAC005109,Std,365,365,7,True,True,True
MAC005156,Std,365,365,7,True,True,True
MAC003010,Std,365,365,7,True,True,True
MAC003014,Std,0,0,6,False,False,False
MAC005038,Std,365,365,11,True,True,True
MAC005040,Std,365,365,11,True,True,True
MAC003083,Std,365,365,7,True,True,True
MAC005041,Std,365,365,11,True,True,True
MAC005044,Std,365,365,11,True,True,True
MAC005047,Std,122,119,11,True,True,True
MAC003075,Std,365,365,7,True,True,True
MAC003073,Std,365,365,7,True,True,True
MAC003071,Std,157,156,7,True,True,True
MAC005055,Std,365,365,6,True,True,True
MAC003067,Std,365,365,7,True,True,True
MAC003066,Std,365,365,7,True,True,True
MAC000284,Std,257,255,10,True,True,True
MAC005063,Std,365,365,7,True,True,True
MAC003058,Std,365,365,7,True,True,True
MAC003056,Std,365,365,7,True,True,True
MAC003054,Std,365,365,7,True,True,True
MAC005065,Std,365,364,7,True,True,True
MAC003052,Std,365,364,7,True,True,True
MAC003046,Std,365,364,7,True,True,True
MAC003039,Std,365,365,7,True,True,True
MAC005075,Std,365,365,7,True,True,True
MAC005086,Std,365,365,7,True,True,True
MAC005088,Std,365,365,7,True,True,True
MAC005094,Std,58,57,7,True,True,True
MAC005097,Std,365,362,7,True,True,True
MAC005098,Std,365,365,7,True,True,True
MAC003017,Std,365,365,7,True,True,True
MAC003016,Std,365,365,3,True,False,False
MAC003011,Std,365,365,7,True,True,True
MAC005037,Std,362,361,0,True,False,False
MAC005165,Std,365,365,7,True,True,True
MAC002920,Std,365,364,5,True,False,True
MAC005225,Std,365,365,10,True,True,True
MAC002841,Std,365,365,7,True,True,True
MAC005226,Std,365,365,10,True,True,True
MAC005227,Std,365,365,10,True,True,True
MAC002835,Std,203,202,7,True,True,True
MAC002831,Std,365,365,7,True,True,True
MAC000296,Std,365,365,10,True,True,True
MAC005231,Std,365,365,10,True,True,True
MAC005232,Std,365,365,10,True,True,True
MAC005233,Std,365,365,10,True,True,True
MAC005234,Std,365,365,10,True,True,True
MAC005235,Std,365,365,10,True,True,True
MAC005238,Std,365,363,10,True,True,True
MAC002817,Std,365,363,7,True,True,True
MAC002815,Std,137,136,7,True,True,True
MAC000297,Std,365,365,10,True,True,True
MAC002810,Std,365,365,7,True,True,True
MAC005242,Std,365,365,10,True,True,True
MAC002807,Std,365,361,7,True,True,True
MAC002804,Std,263,262,7,True,True,True
MAC005248,Std,365,365,10,True,True,True
MAC002791,Std,365,365,7,True,True,True
MAC002790,Std,365,365,7,True,True,True
MAC005251,Std,365,359,10,True,True,True
MAC002784,Std,365,365,7,True,True,True
MAC005253,Std,365,365,10,True,True,True
MAC005257,Std,365,365,10,True,True,True
MAC002777,Std,365,365,7,True,True,True
MAC005262,Std,365,365,10,True,True,True
MAC005223,Std,365,365,10,True,True,True
MAC002921,Std,365,365,5,True,False,True
MAC005222,Std,365,365,10,True,True,True
MAC005220,Std,365,365,10,True,True,True
MAC002919,Std,365,362,6,True,True,True
MAC005175,Std,193,192,7,True,True,True
MAC002914,Std,365,365,5,True,False,True
MAC005177,Std,365,365,7,True,True,True
MAC005178,Std,365,365,11,True,True,True
MAC001105,ToU,365,365,7,True,True,True
MAC005183,Std,365,365,11,True,True,True
MAC005185,Std,365,365,11,True,True,True
MAC005187,Std,365,365,11,True,True,True
MAC005192,Std,365,365,11,True,True,True
MAC002896,Std,365,365,5,True,False,True
MAC005196,Std,365,365,10,True,True,True
MAC005198,Std,365,364,10,True,True,True
MAC002888,Std,365,362,5,True,False,True
MAC005199,Std,365,365,10,True,True,True
MAC005202,Std,327,326,10,True,True,True
MAC002880,Std,365,363,6,True,True,True
MAC005203,Std,365,365,9,True,True,True
MAC002876,Std,365,365,6,True,True,True
MAC005209,Std,265,265,10,True,True,True
MAC002865,Std,365,365,7,True,True,True
MAC005214,Std,365,365,10,True,True,True
MAC002860,Std,365,365,7,True,True,True
MAC000295,Std,365,365,10,True,True,True
MAC002858,Std,365,365,7,True,True,True
MAC005215,Std,115,114,10,True,True,True
MAC005217,Std,365,365,10,True,True,True
MAC005218,Std,365,365,10,True,True,True
MAC002853,Std,365,365,7,True,True,True
MAC005221,Std,365,365,10,True,True,True
MAC002772,Std,365,364,7,True,True,True
MAC005033,Std,365,365,11,True,True,True
MAC005030,Std,365,365,11,True,True,True
MAC003290,Std,365,365,3,True,False,False
MAC004864,Std,365,365,12,True,True,True
MAC004869,Std,365,364,12,True,True,True
MAC004871,Std,185,184,12,True,True,True
MAC004876,Std,365,364,11,True,True,True
MAC004877,Std,365,365,11,True,True,True
MAC000263,Std,365,365,12,True,True,True
MAC003273,Std,365,365,3,True,False,False
MAC004879,Std,365,365,11,True,True,True
MAC004881,Std,365,364,11,True,True,True
MAC004884,Std,365,365,11,True,True,True
MAC004885,Std,365,365,11,True,True,True
MAC004886,Std,365,365,11,True,True,True
MAC000264,Std,365,365,12,True,True,True
MAC004891,Std,365,364,11,True,True,True
MAC004895,Std,365,365,11,True,True,True
MAC004899,Std,365,365,11,True,True,True
MAC000126,Std,365,365,12,True,True,True
MAC004904,Std,365,365,11,True,True,True
MAC004906,Std,365,365,11,True,True,True
MAC004907,Std,365,327,8,False,False,False
MAC004908,Std,365,365,11,True,True,True
MAC004909,Std,365,365,11,True,True,True
MAC004913,Std,365,365,11,True,True,True
MAC004914,Std,365,365,11,True,True,True
MAC000270,Std,365,365,12,True,True,True
MAC004918,Std,365,365,11,True,True,True
MAC004919,Std,365,364,11,True,True,True
MAC004923,Std,365,365,11,True,True,True
MAC004863,Std,365,365,12,True,True,True
MAC000273,Std,365,365,12,True,True,True
MAC004858,Std,365,364,12,True,True,True
MAC004856,Std,365,365,12,True,True,True
MAC004756,Std,58,57,9,True,True,True
MAC004758,Std,365,365,9,True,True,True
MAC003378,Std,365,365,3,True,False,False
MAC004759,Std,365,365,9,True,True,True
MAC004769,Std,327,326,9,True,True,True
MAC004774,Std,365,365,9,True,True,True
MAC004775,Std,365,365,9,True,True,True
MAC004778,Std,365,363,9,True,True,True
MAC003362,Std,365,365,3,True,False,False
MAC004779,Std,365,365,8,True,True,True
MAC000242,Std,365,365,12,True,True,True
MAC004784,Std,365,365,8,True,True,True
MAC004797,Std,136,135,8,True,True,True
MAC004798,Std,217,216,8,True,True,True
MAC004802,Std,0,0,7,False,False,False
MAC004803,Std,365,364,8,True,True,True
MAC004806,Std,365,365,8,True,True,True
MAC004813,Std,365,365,8,True,True,True
MAC004815,Std,365,365,8,True,True,True
MAC004819,Std,365,365,8,True,True,True
MAC004826,Std,365,365,8,True,True,True
MAC004833,Std,365,365,8,True,True,True
MAC004836,Std,365,365,8,True,True,True
MAC003312,Std,365,365,3,True,False,False
MAC004846,Std,58,57,12,True,True,True
MAC000253,Std,365,364,12,True,True,True
MAC004849,Std,365,365,12,True,True,True
MAC004852,Std,365,365,12,True,True,True
MAC004854,Std,59,43,12,False,False,False
MAC004857,Std,365,365,12,True,True,True
MAC005032,Std,365,365,11,True,True,True
MAC004930,Std,365,365,11,True,True,True
MAC004936,Std,365,365,11,True,True,True
MAC004995,Std,181,181,11,True,True,True
MAC004996,Std,365,365,11,True,True,True
MAC004998,Std,365,365,11,True,True,True
MAC003141,Std,365,364,5,True,False,True
MAC004999,Std,365,365,11,True,True,True
MAC005001,Std,365,365,11,True,True,True
MAC005005,Std,365,365,11,True,True,True
MAC005007,Std,365,365,11,True,True,True
MAC005008,Std,365,365,11,True,True,True
MAC003130,Std,365,365,7,True,True,True
MAC005009,Std,365,365,11,True,True,True
MAC005014,Std,365,365,11,True,True,True
MAC003122,Std,365,364,7,True,True,True
MAC005018,Std,365,365,11,True,True,True
MAC005020,Std,365,363,11,True,True,True
MAC003115,Std,365,365,7,True,True,True
MAC003114,Std,365,365,7,True,True,True
MAC003113,Std,365,363,7,True,True,True
MAC005021,Std,365,365,11,True,True,True
MAC000282,Std,365,365,10,True,True,True
MAC005025,Std,365,365,11,True,True,True
MAC005026,Std,365,364,11,True,True,True
MAC003106,Std,365,365,7,True,True,True
MAC003105,Std,365,365,7,True,True,True
MAC005027,Std,365,365,11,True,True,True
MAC003103,Std,365,365,7,True,True,True
MAC003098,Std,365,365,7,True,True,True
MAC000120,Std,224,223,12,True,True,True
MAC005029,Std,365,365,11,True,True,True
MAC003147,Std,365,365,5,True,False,True
MAC004933,Std,365,365,11,True,True,True
MAC003148,Std,365,364,5,True,False,True
MAC003150,Std,365,365,5,True,False,True
MAC000274,Std,365,364,12,True,True,True
MAC004938,Std,365,365,11,True,True,True
MAC004939,Std,58,57,11,True,True,True
MAC004940,Std,365,365,11,True,True,True
MAC004942,Std,196,195,11,True,True,True
MAC004950,Std,365,365,11,True,True,True
MAC000275,Std,365,364,9,True,True,True
MAC004954,Std,365,365,11,True,True,True
MAC004958,Std,365,365,11,True,True,True
MAC004961,Std,71,69,11,True,True,True
MAC004963,Std,365,365,11,True,True,True
MAC004964,Std,365,365,11,True,True,True
MAC004966,Std,365,365,11,True,True,True
MAC004971,Std,365,365,11,True,True,True
MAC004972,Std,365,365,11,True,True,True
MAC004973,Std,365,365,5,True,False,True
MAC004974,Std,365,365,11,True,True,True
MAC004981,Std,365,365,11,True,True,True
MAC004982,Std,365,365,11,True,True,True
MAC004984,Std,365,365,11,True,True,True
MAC000280,Std,365,365,10,True,True,True
MAC004986,Std,365,364,11,True,True,True
MAC000122,Std,365,365,12,True,True,True
MAC004991,Std,287,286,11,True,True,True
MAC003160,Std,365,365,5,True,False,False
MAC003159,Std,365,365,5,True,False,False
MAC003158,Std,365,365,5,True,False,True
MAC004992,Std,365,365,11,True,True,True
MAC003153,Std,365,365,5,True,False,True
MAC004993,Std,365,364,11,True,True,True
MAC001943,Std,365,365,6,True,True,True
MAC004068,Std,365,365,7,True,True,True
MAC004880,ToU,234,233,11,True,True,True
MAC002534,ToU,365,365,5,True,False,True
MAC001387,Std,365,365,7,True,True,True
MAC002536,ToU,365,363,5,True,False,True
MAC001384,Std,365,364,7,True,True,True
MAC000729,Std,257,256,8,True,True,True
MAC000072,Std,365,365,12,True,True,True
MAC000730,Std,365,362,8,True,True,True
MAC004731,ToU,365,365,9,True,True,True
MAC002560,ToU,365,365,5,True,False,True
MAC002568,ToU,365,365,5,True,False,True
MAC000732,Std,365,365,8,True,True,True
MAC001378,Std,365,365,7,True,True,True
MAC000733,Std,322,321,8,True,True,True
MAC001376,Std,365,365,7,True,True,True
MAC004728,ToU,365,365,9,True,True,True
MAC001374,Std,365,364,7,True,True,True
MAC002578,ToU,365,365,5,True,False,True
MAC000361,Std,365,364,9,True,True,True
MAC004720,ToU,365,365,9,True,True,True
MAC002533,ToU,365,365,5,True,False,True
MAC004733,ToU,365,363,9,True,True,True
MAC004746,ToU,365,365,9,True,True,True
MAC002508,ToU,365,365,5,True,False,True
MAC001430,Std,324,324,7,True,True,True
MAC002432,ToU,365,365,8,True,True,True
MAC000700,Std,339,338,8,True,True,True
MAC000701,Std,365,364,8,True,True,True
MAC001424,Std,365,365,7,True,True,True
MAC002444,ToU,365,365,8,True,True,True
MAC000018,Std,365,365,12,True,True,True
MAC000706,Std,365,365,8,True,True,True
MAC004770,ToU,184,183,9,True,True,True
MAC001367,Std,365,365,7,True,True,True
MAC002446,ToU,365,365,8,True,True,True
MAC001412,Std,365,365,7,True,True,True
MAC001411,Std,365,365,7,True,True,True
MAC002470,ToU,365,365,8,True,True,True
MAC001404,Std,58,57,7,True,True,True
MAC004767,ToU,365,365,9,True,True,True
MAC000359,Std,365,365,9,True,True,True
MAC004765,ToU,365,365,9,True,True,True
MAC004757,ToU,365,365,9,True,True,True
MAC004755,ToU,197,197,9,True,True,True
MAC001416,Std,365,365,7,True,True,True
MAC004716,ToU,365,361,9,True,True,True
MAC000742,Std,365,365,8,True,True,True
MAC001363,Std,365,365,7,True,True,True
MAC002677,ToU,365,364,7,True,True,True
MAC002679,ToU,365,365,7,True,True,True
MAC001329,Std,365,361,7,True,True,True
MAC001328,Std,365,365,7,True,True,True
MAC004668,ToU,365,365,5,True,False,True
MAC001325,Std,365,365,7,True,True,True
MAC002686,ToU,365,365,7,True,True,True
MAC002690,ToU,365,365,7,True,True,True
MAC001321,Std,365,365,7,True,True,True
MAC004670,ToU,365,365,5,True,False,True
MAC004661,ToU,365,365,5,True,False,True
MAC000762,Std,365,364,8,True,True,True
MAC001315,Std,365,365,7,True,True,True
MAC002695,ToU,365,365,7,True,True,True
MAC002712,ToU,365,365,7,True,True,True
MAC001311,Std,58,57,7,True,True,True
MAC000764,Std,365,365,8,True,True,True
MAC002713,ToU,365,365,7,True,True,True
MAC000765,Std,365,365,8,True,True,True
MAC000767,Std,365,365,8,True,True,True
MAC001320,Std,365,365,7,True,True,True
MAC001433,Std,365,365,7,True,True,True
MAC000756,Std,365,365,8,True,True,True
MAC001333,Std,0,0,6,False,False,False
MAC001361,Std,365,365,7,True,True,True
MAC001358,Std,365,365,7,True,True,True
MAC000745,Std,365,365,8,True,True,True
MAC002593,ToU,365,365,5,True,False,True
MAC004697,ToU,365,365,5,True,False,True
MAC002596,ToU,365,365,5,True,False,True
MAC000747,Std,365,365,8,True,True,True
MAC001353,Std,365,365,7,True,True,True
MAC001350,Std,330,329,7,True,True,True
MAC001332,Std,365,365,7,True,True,True
MAC000749,Std,365,365,8,True,True,True
MAC002609,ToU,365,365,5,True,False,True
MAC002614,ToU,365,365,5,True,False,True
MAC004687,ToU,365,365,5,True,False,True
MAC001344,Std,365,365,7,True,True,True
MAC002625,ToU,365,365,7,True,True,True
MAC002633,ToU,365,365,6,True,True,True
MAC001337,Std,365,364,7,True,True,True
MAC002675,ToU,365,365,7,True,True,True
MAC000753,Std,365,365,8,True,True,True
MAC001347,Std,190,189,7,True,True,True
MAC001434,Std,365,365,7,True,True,True
MAC001436,Std,365,365,7,True,True,True
MAC002421,ToU,365,365,8,True,True,True
MAC001537,Std,269,268,7,True,True,True
MAC004937,ToU,365,365,11,True,True,True
MAC001534,Std,365,365,7,True,True,True
MAC000663,Std,365,365,8,True,True,True
MAC000351,Std,365,365,9,True,True,True
MAC001532,Std,365,365,7,True,True,True
MAC004932,ToU,365,365,11,True,True,True
MAC000353,Std,365,365,9,True,True,True
MAC004926,ToU,365,365,11,True,True,True
MAC002164,ToU,365,365,6,True,True,True
MAC001526,Std,365,365,7,True,True,True
MAC000669,Std,365,365,8,True,True,True
MAC001522,Std,365,365,7,True,True,True
MAC001521,Std,365,365,6,True,True,True
MAC001519,Std,365,365,7,True,True,True
MAC001517,Std,365,365,7,True,True,True
MAC001516,Std,365,365,7,True,True,True
MAC000012,Std,365,365,3,True,False,False
MAC001514,Std,365,365,7,True,True,True
MAC001513,Std,365,365,7,True,True,True
MAC004921,ToU,365,365,11,True,True,True
MAC000078,Std,365,365,12,True,True,True
MAC001541,Std,365,365,7,True,True,True
MAC002154,ToU,365,365,6,True,True,True
MAC002098,ToU,365,365,6,True,True,True
MAC000637,Std,365,365,8,True,True,True
MAC001572,Std,365,365,7,True,True,True
MAC001571,Std,365,365,7,True,True,True
MAC000639,Std,365,365,8,True,True,True
MAC002099,ToU,365,365,6,True,True,True
MAC002102,ToU,365,364,6,True,True,True
MAC004977,ToU,365,365,11,True,True,True
MAC002106,ToU,365,365,6,True,True,True
MAC002156,ToU,365,365,6,True,True,True
MAC000646,Std,365,364,8,True,True,True
MAC000651,Std,365,364,8,True,True,True
MAC000080,Std,149,148,12,True,True,True
MAC002131,ToU,365,365,6,True,True,True
MAC000349,Std,365,365,9,True,True,True
MAC000652,Std,365,365,8,True,True,True
MAC000654,Std,365,365,8,True,True,True
MAC004965,ToU,365,365,11,True,True,True
MAC002132,ToU,365,365,6,True,True,True
MAC002140,ToU,121,98,6,False,False,False
MAC001562,Std,365,365,7,True,True,True
MAC002726,ToU,365,364,7,True,True,True
MAC000355,Std,365,365,9,True,True,True
MAC001506,Std,365,365,7,True,True,True
MAC002280,ToU,365,365,8,True,True,True
MAC004827,ToU,365,365,8,True,True,True
MAC002281,ToU,365,365,8,True,True,True
MAC001461,Std,365,365,7,True,True,True
MAC002290,ToU,365,365,8,True,True,True
MAC001457,Std,365,365,7,True,True,True
MAC002324,ToU,365,365,8,True,True,True
MAC002334,ToU,365,365,8,True,True,True
MAC001454,Std,234,233,7,True,True,True
MAC000357,Std,365,365,9,True,True,True
MAC002336,ToU,365,365,8,True,True,True
MAC001451,Std,365,365,7,True,True,True
MAC004822,ToU,365,365,8,True,True,True
MAC000358,Std,142,141,9,True,True,True
MAC000697,Std,365,365,8,True,True,True
MAC001445,Std,365,365,7,True,True,True
MAC002404,ToU,365,365,8,True,True,True
MAC001443,Std,365,364,7,True,True,True
MAC001442,Std,365,365,7,True,True,True
MAC002413,ToU,365,365,8,True,True,True
MAC001452,Std,365,365,7,True,True,True
MAC002215,ToU,239,239,6,True,True,True
MAC002268,ToU,365,365,7,True,True,True
MAC002265,ToU,365,365,8,True,True,True
MAC001504,Std,365,365,7,True,True,True
MAC000677,Std,365,364,8,True,True,True
MAC001501,Std,365,364,7,True,True,True
MAC001500,Std,365,365,7,True,True,True
MAC001499,Std,365,365,7,True,True,True
MAC001498,Std,365,365,7,True,True,True
MAC002225,ToU,365,365,8,True,True,True
MAC000679,Std,365,365,8,True,True,True
MAC004893,ToU,62,62,11,True,True,True
MAC001469,Std,365,364,7,True,True,True
MAC002226,ToU,365,365,8,True,True,True
MAC004855,ToU,365,365,12,True,True,True
MAC000686,Std,365,365,8,True,True,True
MAC000356,Std,49,48,9,True,True,True
MAC004851,ToU,365,363,12,True,True,True
MAC002240,ToU,365,365,8,True,True,True
MAC001479,Std,365,365,7,True,True,True
MAC001478,Std,299,298,0,True,False,False
MAC002264,ToU,365,364,8,True,True,True
MAC000693,Std,365,364,8,True,True,True
MAC001029,Std,365,365,8,True,True,True
MAC001575,Std,365,365,7,True,True,True
MAC000380,Std,365,365,9,True,True,True
MAC000770,Std,16,15,8,True,True,True
MAC000058,Std,365,365,12,True,True,True
MAC001130,Std,365,365,7,True,True,True
MAC004184,ToU,365,364,7,True,True,True
MAC004159,ToU,365,365,7,True,True,True
MAC001123,Std,365,365,7,True,True,True
MAC004152,ToU,365,364,7,True,True,True
MAC004144,ToU,365,365,7,True,True,True
MAC000916,Std,365,365,8,True,True,True
MAC000057,Std,365,365,12,True,True,True
MAC001117,Std,365,365,7,True,True,True
MAC001115,Std,58,57,7,True,True,True
MAC000918,Std,365,363,8,True,True,True
MAC001111,Std,365,365,7,True,True,True
MAC001109,Std,365,365,7,True,True,True
MAC004118,ToU,365,365,7,True,True,True
MAC004106,ToU,365,365,7,True,True,True
MAC004062,ToU,365,365,5,True,False,True
MAC001099,Std,365,364,7,True,True,True
MAC000028,Std,280,279,12,True,True,True
MAC000905,Std,365,365,8,True,True,True
MAC001134,Std,58,56,7,True,True,True
MAC000903,Std,365,365,8,True,True,True
MAC000372,Std,365,365,9,True,True,True
MAC001163,Std,365,362,7,True,True,True
MAC001161,Std,365,358,7,True,True,True
MAC001160,Std,365,365,7,True,True,True
MAC000875,Std,365,365,8,True,True,True
MAC001158,Std,162,161,7,True,True,True
MAC004303,ToU,253,252,7,True,True,True
MAC001154,Std,365,365,7,True,True,True
MAC000374,Std,365,365,9,True,True,True
MAC004260,ToU,365,365,7,True,True,True
MAC000936,Std,365,365,8,True,True,True
MAC001152,Std,365,365,7,True,True,True
MAC001149,Std,365,364,7,True,True,True
MAC001148,Std,365,365,7,True,True,True
MAC004239,ToU,365,365,7,True,True,True
MAC000367,Std,365,365,9,True,True,True
MAC000892,Std,365,365,8,True,True,True
MAC001144,Std,365,365,7,True,True,True
MAC000368,Std,365,365,9,True,True,True
MAC001138,Std,365,365,7,True,True,True
MAC000896,Std,365,365,8,True,True,True
MAC004245,ToU,365,365,7,True,True,True
MAC000940,Std,365,357,6,True,True,True
MAC000941,Std,365,365,8,True,True,True
MAC000049,Std,365,365,12,True,True,True
MAC001060,Std,365,365,7,True,True,True
MAC003648,ToU,365,364,2,True,False,False
MAC001056,Std,365,363,7,True,True,True
MAC003954,ToU,365,365,5,True,False,True
MAC003665,ToU,365,365,2,True,False,False
MAC001053,Std,365,365,8,True,True,True
MAC001052,Std,365,365,7,True,True,True
MAC000990,Std,365,365,8,True,True,True
MAC001001,Std,365,365,8,True,True,True
MAC003960,ToU,365,365,5,True,False,True
MAC000033,Std,365,365,12,True,True,True
MAC001042,Std,365,364,7,True,True,True
MAC001011,Std,228,226,6,True,True,True
MAC000034,Std,365,365,12,True,True,True
MAC000035,Std,365,365,12,True,True,True
MAC001039,Std,365,365,7,True,True,True
MAC001022,Std,365,364,8,True,True,True
MAC000036,Std,365,365,12,True,True,True
MAC001027,Std,365,365,8,True,True,True
MAC001032,Std,365,365,8,True,True,True
MAC001043,Std,365,365,7,True,True,True
MAC001164,Std,365,365,7,True,True,True
MAC001066,Std,365,365,7,True,True,True
MAC000977,Std,127,126,8,True,True,True
MAC000950,Std,365,365,8,True,True,True
MAC000951,Std,145,144,5,True,False,False
MAC004035,ToU,365,365,5,True,False,True
MAC004025,ToU,365,365,5,True,False,True
MAC000956,Std,365,365,8,True,True,True
MAC000958,Std,365,365,8,True,True,True
MAC000960,Std,343,342,8,True,True,True
MAC004000,ToU,365,363,5,True,False,True
MAC000964,Std,365,365,8,True,True,True
MAC003975,ToU,365,365,5,True,False,True
MAC001082,Std,58,57,7,True,True,True
MAC000968,Std,365,365,8,True,True,True
MAC003984,ToU,365,365,5,True,False,True
MAC001077,Std,365,365,7,True,True,True
MAC000972,Std,365,364,8,True,True,True
MAC000973,Std,365,365,8,True,True,True
MAC001073,Std,365,365,7,True,True,True
MAC000370,Std,365,365,9,True,True,True
MAC000045,Std,365,365,12,True,True,True
MAC000975,Std,365,365,8,True,True,True
MAC001081,Std,365,365,7,True,True,True
MAC004320,ToU,365,365,7,True,True,True
MAC001173,Std,365,365,7,True,True,True
MAC000066,Std,365,365,12,True,True,True
MAC002864,ToU,365,365,7,True,True,True
MAC002869,ToU,365,365,7,True,True,True
MAC004610,ToU,365,365,5,True,False,True
MAC004606,ToU,365,365,5,True,False,True
MAC004605,ToU,365,365,5,True,False,True
MAC001260,Std,365,365,7,True,True,True
MAC002879,ToU,365,365,6,True,True,True
MAC002881,ToU,365,365,6,True,True,True
MAC001252,Std,365,365,7,True,True,True
MAC004621,ToU,365,365,5,True,False,True
MAC004604,ToU,365,364,5,True,False,True
MAC000021,Std,365,365,12,True,True,True
MAC000804,Std,365,365,8,True,True,True
MAC004592,ToU,365,365,5,True,False,True
MAC004561,ToU,365,364,12,True,True,True
MAC002897,ToU,214,214,5,True,False,True
MAC002901,ToU,365,365,5,True,False,True
MAC001241,Std,365,365,7,True,True,True
MAC000812,Std,365,363,8,True,True,True
MAC000376,Std,365,365,9,True,True,True
MAC002895,ToU,365,365,5,True,False,True
MAC004525,ToU,365,365,12,True,True,True
MAC002839,ToU,365,365,7,True,True,True
MAC004622,ToU,365,365,5,True,False,True
MAC004655,ToU,365,365,5,True,False,True
MAC000774,Std,327,326,8,True,True,True
MAC000777,Std,365,364,8,True,True,True
MAC001294,Std,365,365,7,True,True,True
MAC002792,ToU,365,365,7,True,True,True
MAC000378,Std,365,365,9,True,True,True
MAC002798,ToU,365,365,7,True,True,True
MAC001287,Std,58,57,7,True,True,True
MAC002800,ToU,365,365,7,True,True,True
MAC000782,Std,365,365,8,True,True,True
MAC001284,Std,43,42,7,True,True,True
MAC001283,Std,365,365,7,True,True,True
MAC002809,ToU,365,365,7,True,True,True
MAC002811,ToU,365,365,7,True,True,True
MAC001277,Std,365,365,7,True,True,True
MAC000780,Std,365,365,8,True,True,True
MAC001276,Std,365,364,7,True,True,True
MAC002814,ToU,365,365,7,True,True,True
MAC002826,ToU,365,365,7,True,True,True
MAC002827,ToU,365,364,7,True,True,True
MAC004623,ToU,365,365,5,True,False,True
MAC001304,Std,365,365,7,True,True,True
MAC000823,Std,365,365,8,True,True,True
MAC001236,Std,365,365,7,True,True,True
MAC001194,Std,365,365,7,True,True,True
MAC004363,ToU,365,365,9,True,True,True
MAC003082,ToU,365,365,7,True,True,True
MAC003094,ToU,365,363,7,True,True,True
MAC001191,Std,365,365,7,True,True,True
MAC003111,ToU,365,365,7,True,True,True
MAC000855,Std,365,365,8,True,True,True
MAC001189,Std,365,362,7,True,True,True
MAC000861,Std,365,364,8,True,True,True
MAC004392,ToU,188,188,9,True,True,True
MAC004347,ToU,365,365,9,True,True,True
MAC001184,Std,365,365,7,True,True,True
MAC003135,ToU,365,365,5,True,False,True
MAC001181,Std,365,365,7,True,True,True
MAC000864,Std,365,360,8,True,True,True
MAC001180,Std,365,365,7,True,True,True
MAC004346,ToU,365,365,9,True,True,True
MAC003156,ToU,184,183,5,True,False,True
MAC001175,Std,90,89,7,True,True,True
MAC004334,ToU,365,365,9,True,True,True
MAC003124,ToU,365,365,7,True,True,True
MAC000825,Std,365,365,8,True,True,True
MAC001196,Std,30,29,7,True,True,True
MAC001198,Std,365,365,7,True,True,True
MAC002930,ToU,365,365,6,True,True,True
MAC002935,ToU,365,365,6,True,True,True
MAC002971,ToU,365,365,5,True,False,True
MAC002982,ToU,365,365,6,True,True,True
MAC001224,Std,44,43,7,True,True,True
MAC001223,Std,365,365,7,True,True,True
MAC000831,Std,365,365,8,True,True,True
MAC004449,ToU,365,365,9,True,True,True
MAC001215,Std,365,364,7,True,True,True
MAC000849,Std,365,364,8,True,True,True
MAC003035,ToU,365,365,7,True,True,True
MAC000837,Std,365,365,8,True,True,True
MAC000024,Std,365,365,12,True,True,True
MAC000840,Std,365,365,8,True,True,True
MAC004424,ToU,365,365,9,True,True,True
MAC003055,ToU,365,364,7,True,True,True
MAC003068,ToU,365,365,7,True,True,True
MAC001203,Std,365,363,7,True,True,True
MAC001199,Std,365,365,7,True,True,True
MAC000848,Std,365,365,8,True,True,True
MAC003043,ToU,365,365,7,True,True,True
MAC000636,Std,201,199,8,True,True,True
MAC000037,Std,365,365,12,True,True,True
MAC001705,Std,365,365,7,True,True,True
MAC005278,ToU,365,365,10,True,True,True
MAC001730,Std,365,365,7,True,True,True
MAC001884,Std,365,365,6,True,True,True
MAC001693,ToU,365,365,7,True,True,True
MAC000441,Std,365,365,9,True,True,True
MAC005271,ToU,365,365,10,True,True,True
MAC001731,Std,365,364,6,True,True,True
MAC001726,Std,365,351,7,True,True,True
MAC005266,ToU,365,365,10,True,True,True
MAC001886,Std,365,365,6,True,True,True
MAC001723,Std,365,360,6,True,True,True
MAC001722,Std,365,365,6,True,True,True
MAC000538,Std,365,364,8,True,True,True
MAC001720,Std,365,365,7,True,True,True
MAC001725,Std,365,365,7,True,True,True
MAC000443,Std,365,365,9,True,True,True
MAC005279,ToU,365,365,10,True,True,True
MAC000444,Std,365,361,9,True,True,True
MAC005292,ToU,365,365,10,True,True,True
MAC000448,Std,365,365,9,True,True,True
MAC001754,Std,365,364,7,True,True,True
MAC005291,ToU,365,365,10,True,True,True
MAC005290,ToU,365,365,10,True,True,True
MAC001753,Std,365,365,7,True,True,True
MAC000516,Std,365,365,9,True,True,True
MAC001299,ToU,365,365,7,True,True,True
MAC001651,ToU,365,365,7,True,True,True
MAC001745,Std,365,365,6,True,True,True
MAC001655,ToU,365,365,7,True,True,True
MAC005284,ToU,365,365,10,True,True,True
MAC000518,Std,365,365,9,True,True,True
MAC000526,Std,365,365,9,True,True,True
MAC001737,Std,365,365,7,True,True,True
MAC001279,ToU,365,365,7,True,True,True
MAC000540,Std,75,74,8,True,True,True
MAC001274,ToU,365,365,7,True,True,True
MAC001889,Std,189,188,6,True,True,True
MAC001701,Std,365,365,7,True,True,True
MAC001699,Std,365,363,7,True,True,True
MAC001712,ToU,123,122,7,True,True,True
MAC005190,ToU,365,365,11,True,True,True
MAC005189,ToU,365,359,11,True,True,True
MAC001895,Std,365,365,6,True,True,True
MAC001896,Std,365,364,6,True,True,True
MAC005180,ToU,365,365,11,True,True,True
MAC000004,Std,365,365,7,True,True,True
MAC005507,ToU,365,365,8,True,True,True
MAC001902,Std,254,253,6,True,True,True
MAC000562,Std,365,365,8,True,True,True
MAC001741,ToU,365,365,6,True,True,True
MAC001687,Std,365,365,7,True,True,True
MAC001905,Std,365,365,6,True,True,True
MAC005197,ToU,365,365,10,True,True,True
MAC005306,ToU,365,365,10,True,True,True
MAC001702,Std,365,365,7,True,True,True
MAC001707,ToU,365,365,7,True,True,True
MAC005250,ToU,365,365,10,True,True,True
MAC005212,ToU,365,365,10,True,True,True
MAC001716,Std,365,365,6,True,True,True
MAC000546,Std,58,57,8,True,True,True
MAC005204,ToU,365,365,10,True,True,True
MAC000438,Std,322,321,9,True,True,True
MAC000437,Std,365,365,9,True,True,True
MAC005200,ToU,365,365,10,True,True,True
MAC001713,Std,365,365,7,True,True,True
MAC005488,ToU,365,365,8,True,True,True
MAC001711,Std,365,365,7,True,True,True
MAC000338,Std,327,326,9,True,True,True
MAC001709,Std,359,358,7,True,True,True
MAC001708,Std,365,365,6,True,True,True
MAC000331,Std,365,365,9,True,True,True
MAC001245,ToU,0,0,6,False,False,False
MAC005308,ToU,365,365,10,True,True,True
MAC000509,Std,365,365,9,True,True,True
MAC001303,ToU,365,365,7,True,True,True
MAC005445,ToU,365,365,8,True,True,True
MAC001482,ToU,365,365,7,True,True,True
MAC001487,ToU,365,365,7,True,True,True
MAC000454,Std,365,365,9,True,True,True
MAC001815,Std,365,365,6,True,True,True
MAC005384,ToU,365,365,10,True,True,True
MAC001852,Std,365,365,6,True,True,True
MAC001854,Std,365,365,6,True,True,True
MAC001812,Std,365,365,6,True,True,True
MAC001810,Std,365,365,6,True,True,True
MAC001386,ToU,365,365,7,True,True,True
MAC000480,Std,365,365,9,True,True,True
MAC001808,Std,365,365,6,True,True,True
MAC005359,ToU,365,365,10,True,True,True
MAC000482,Std,365,364,9,True,True,True
MAC001405,ToU,365,365,7,True,True,True
MAC005352,ToU,365,364,10,True,True,True
MAC000458,Std,135,133,9,True,True,True
MAC001407,ToU,121,120,7,True,True,True
MAC000463,Std,289,288,9,True,True,True
MAC001429,ToU,365,365,7,True,True,True
MAC005427,ToU,365,365,8,True,True,True
MAC001832,Std,185,184,6,True,True,True
MAC001831,Std,365,365,6,True,True,True
MAC000469,Std,152,151,9,True,True,True
MAC005413,ToU,365,365,10,True,True,True
MAC001470,ToU,365,364,7,True,True,True
MAC000473,Std,365,365,9,True,True,True
MAC000459,Std,365,365,9,True,True,True
MAC000332,Std,365,365,9,True,True,True
MAC000086,Std,365,365,12,True,True,True
MAC005395,ToU,365,365,10,True,True,True
MAC001475,ToU,365,364,7,True,True,True
MAC000087,Std,365,365,12,True,True,True
MAC001477,ToU,70,70,0,True,False,False
MAC000429,Std,365,363,9,True,True,True
MAC000485,Std,365,365,9,True,True,True
MAC000488,Std,365,363,9,True,True,True
MAC000499,Std,365,365,9,True,True,True
MAC001781,Std,365,365,6,True,True,True
MAC001780,Std,365,365,6,True,True,True
MAC001596,ToU,273,272,7,True,True,True
MAC000335,Std,365,365,9,True,True,True
MAC001610,ToU,365,365,7,True,True,True
MAC001577,Std,94,93,7,True,True,True
MAC000504,Std,365,365,9,True,True,True
MAC000505,Std,365,365,9,True,True,True
MAC001763,Std,365,326,7,False,False,False
MAC001319,ToU,365,365,7,True,True,True
MAC000506,Std,365,365,9,True,True,True
MAC005310,ToU,365,365,10,True,True,True
MAC000508,Std,365,365,9,True,True,True
MAC001305,ToU,365,365,7,True,True,True
MAC001590,ToU,365,363,7,True,True,True
MAC001801,Std,365,365,6,True,True,True
MAC005470,ToU,365,365,8,True,True,True
MAC005321,ToU,365,365,9,True,True,True
MAC001529,ToU,365,365,7,True,True,True
MAC001862,Std,365,365,6,True,True,True
MAC000489,Std,365,365,9,True,True,True
MAC001547,ToU,365,365,7,True,True,True
MAC001556,ToU,365,365,7,True,True,True
MAC001564,ToU,365,365,7,True,True,True
MAC001794,Std,365,365,6,True,True,True
MAC005347,ToU,365,363,10,True,True,True
MAC005342,ToU,365,365,10,True,True,True
MAC001366,ToU,228,227,7,True,True,True
MAC000495,Std,58,57,9,True,True,True
MAC001360,ToU,365,365,7,True,True,True
MAC001788,Std,322,321,6,True,True,True
MAC000496,Std,365,365,9,True,True,True
MAC000396,Std,365,365,9,True,True,True
MAC001576,ToU,365,365,7,True,True,True
MAC001209,ToU,365,365,7,True,True,True
MAC001414,ToU,365,365,7,True,True,True
MAC001912,ToU,221,220,6,True,True,True
MAC001632,Std,365,365,7,True,True,True
MAC001633,Std,0,0,5,False,False,False
MAC001142,ToU,365,365,7,True,True,True
MAC005039,ToU,365,365,11,True,True,True
MAC005111,ToU,219,219,7,True,True,True
MAC005122,ToU,365,365,7,True,True,True
MAC001143,ToU,365,365,7,True,True,True
MAC000419,Std,365,351,9,True,True,True
MAC000618,Std,365,365,8,True,True,True
MAC001920,Std,365,365,6,True,True,True
MAC001919,Std,365,365,6,True,True,True
MAC001933,Std,365,365,6,True,True,True
MAC001641,Std,365,364,7,True,True,True
MAC005149,ToU,365,365,7,True,True,True
MAC001644,Std,228,227,7,True,True,True
MAC000577,Std,365,364,8,True,True,True
MAC001918,Std,365,365,6,True,True,True
MAC000413,Std,365,365,9,True,True,True
MAC000420,Std,365,363,9,True,True,True
MAC005034,ToU,365,365,11,True,True,True
MAC001856,ToU,365,365,6,True,True,True
MAC000409,Std,365,365,9,True,True,True
MAC005031,ToU,365,362,10,True,True,True
MAC002073,ToU,365,365,6,True,True,True
MAC001589,Std,365,365,7,True,True,True
MAC002060,ToU,365,364,6,True,True,True
MAC001595,Std,365,365,7,True,True,True
MAC002052,ToU,365,365,6,True,True,True
MAC005541,ToU,365,364,8,True,True,True
MAC002006,ToU,365,365,6,True,True,True
MAC000414,Std,365,361,9,True,True,True
MAC000415,Std,365,365,9,True,True,True
MAC002017,ToU,365,365,6,True,True,True
MAC001606,Std,365,364,7,True,True,True
MAC000610,Std,365,365,8,True,True,True
MAC000388,Std,365,364,9,True,True,True
MAC005083,ToU,365,364,7,True,True,True
MAC000612,Std,365,365,8,True,True,True
MAC001998,ToU,365,365,6,True,True,True
MAC002029,ToU,365,365,6,True,True,True
MAC000603,Std,365,365,8,True,True,True
MAC000346,Std,365,365,9,True,True,True
MAC001617,Std,365,364,6,True,True,True
MAC001976,ToU,365,365,6,True,True,True
MAC000602,Std,58,57,8,True,True,True
MAC001623,Std,365,365,7,True,True,True
MAC005068,ToU,365,365,7,True,True,True
MAC001624,Std,365,365,7,True,True,True
MAC005091,ToU,365,365,7,True,True,True
MAC002046,ToU,365,365,6,True,True,True
MAC000600,Std,365,365,8,True,True,True
MAC001110,ToU,365,365,7,True,True,True
MAC001743,ToU,365,365,6,True,True,True
MAC005093,ToU,365,365,7,True,True,True
MAC000596,Std,365,365,8,True,True,True
MAC001984,ToU,365,365,6,True,True,True
MAC001654,Std,157,156,7,True,True,True
MAC001647,Std,365,365,7,True,True,True
MAC001609,Std,365,365,7,True,True,True
MAC005013,ToU,365,365,11,True,True,True
MAC001107,ToU,365,365,7,True,True,True
MAC001206,ToU,365,365,7,True,True,True
MAC001756,ToU,365,365,7,True,True,True
MAC001833,ToU,365,365,6,True,True,True
MAC000567,Std,66,65,8,True,True,True
MAC001669,Std,365,363,7,True,True,True
MAC001772,ToU,365,365,6,True,True,True
MAC001670,Std,365,365,7,True,True,True
MAC005011,ToU,365,365,11,True,True,True
MAC005171,ToU,193,193,6,True,True,True
MAC001678,Std,365,365,7,True,True,True
MAC005006,ToU,365,364,11,True,True,True
MAC000404,Std,365,365,9,True,True,True
MAC002092,ToU,62,62,6,True,True,True
MAC001202,ToU,365,365,7,True,True,True
MAC005515,ToU,365,365,8,True,True,True
MAC000389,Std,365,365,9,True,True,True
MAC001674,Std,365,364,7,True,True,True
MAC001676,Std,365,365,7,True,True,True
MAC000403,Std,365,365,9,True,True,True
MAC001665,Std,365,365,6,True,True,True
MAC000625,Std,365,365,8,True,True,True
MAC000400,Std,365,365,9,True,True,True
MAC000387,Std,365,365,9,True,True,True
MAC000564,Std,365,362,8,True,True,True
MAC005017,ToU,365,365,11,True,True,True
MAC001855,ToU,365,365,6,True,True,True
MAC001750,ToU,365,365,6,True,True,True
MAC001916,Std,365,365,6,True,True,True
MAC000624,Std,365,365,8,True,True,True
MAC000422,Std,365,364,9,True,True,True
MAC005152,ToU,365,365,7,True,True,True
MAC001936,Std,365,364,6,True,True,True
MAC000424,Std,365,365,9,True,True,True
MAC000345,Std,365,365,9,True,True,True
MAC001806,ToU,365,364,6,True,True,True
MAC001108,ToU,365,364,7,True,True,True
MAC001938,Std,365,365,6,True,True,True
MAC001849,ToU,365,365,6,True,True,True
MAC001662,Std,365,365,7,True,True,True
MAC001853,ToU,365,365,6,True,True,True
MAC001914,Std,365,365,6,True,True,True
MAC001182,ToU,365,364,7,True,True,True
MAC000631,Std,365,365,8,True,True,True
MAC002093,ToU,230,230,6,True,True,True
MAC003957,Std,365,365,5,True,False,True
MAC004059,Std,365,365,5,True,False,True
MAC001028,Std,327,327,8,True,True,True
MAC004777,Std,365,365,9,True,True,True
MAC004812,Std,365,365,8,True,True,True
MAC005002,Std,365,365,11,True,True,True
MAC000279,Std,365,364,10,True,True,True
MAC000856,Std,365,365,8,True,True,True
MAC005538,ToU,365,365,8,True,True,True
MAC004133,Std,365,362,4,True,False,False
MAC000248,Std,365,365,12,True,True,True
MAC000407,Std,365,365,9,True,True,True
MAC004805,Std,365,364,8,True,True,True
MAC004781,Std,365,364,8,True,True,True
MAC003963,Std,365,365,5,True,False,True
MAC004786,Std,365,365,8,True,True,True
MAC003152,Std,365,365,5,True,False,True
MAC004135,Std,365,363,7,True,True,True
MAC004790,Std,365,365,8,True,True,True
MAC004794,Std,365,365,8,True,True,True
MAC005551,ToU,365,364,8,True,True,True
MAC000244,Std,365,365,12,True,True,True
MAC003947,ToU,365,365,5,True,False,True
MAC000411,Std,365,365,9,True,True,True
MAC001019,Std,365,364,8,True,True,True
MAC004985,Std,365,365,11,True,True,True
MAC003965,Std,365,365,5,True,False,True
MAC003951,ToU,365,365,5,True,False,True
MAC004315,ToU,365,365,7,True,True,True
MAC000243,Std,365,363,12,True,True,True
MAC004800,Std,365,365,8,True,True,True
MAC000992,Std,365,365,8,True,True,True
MAC004307,ToU,365,365,7,True,True,True
MAC003971,Std,365,365,5,True,False,True
MAC000874,Std,365,365,8,True,True,True
MAC000996,Std,365,365,8,True,True,True
MAC001021,Std,365,365,8,True,True,True
MAC004050,ToU,365,365,5,True,False,True
MAC003979,Std,365,365,5,True,False,True
MAC004023,Std,365,365,5,True,False,True
MAC000125,Std,365,365,12,True,True,True
MAC004882,Std,365,365,11,True,True,True
MAC000962,Std,365,365,8,True,True,True
MAC005482,ToU,365,365,8,True,True,True
MAC005535,ToU,365,365,8,True,True,True
MAC003998,ToU,365,365,5,True,False,True
MAC000262,Std,365,365,12,True,True,True
MAC004157,ToU,365,364,7,True,True,True
MAC004030,Std,365,365,5,True,False,True
MAC004170,ToU,365,365,7,True,True,True
MAC003999,Std,327,326,5,True,False,True
MAC004868,Std,365,365,12,True,True,True
MAC004867,Std,365,365,12,True,True,True
MAC000969,Std,365,365,8,True,True,True
MAC000917,Std,365,364,8,True,True,True
MAC003997,Std,365,365,5,True,False,True
MAC004024,ToU,365,365,5,True,False,True
MAC004126,ToU,365,365,7,True,True,True
MAC004912,Std,365,365,11,True,True,True
MAC000397,Std,365,365,9,True,True,True
MAC000371,Std,365,365,9,True,True,True
MAC000934,Std,365,365,8,True,True,True
MAC000933,Std,365,344,8,True,True,True
MAC004053,ToU,365,365,5,True,False,True
MAC000432,Std,58,57,9,True,True,True
MAC004009,Std,365,365,5,True,False,True
MAC004037,ToU,365,364,5,True,False,True
MAC004890,Std,365,365,11,True,True,True
MAC000922,Std,365,364,8,True,True,True
MAC004122,ToU,365,365,7,True,True,True
MAC000920,Std,365,365,8,True,True,True
MAC000271,Std,365,365,12,True,True,True
MAC000426,Std,365,365,9,True,True,True
MAC005429,ToU,365,365,8,True,True,True
MAC004189,ToU,365,365,7,True,True,True
MAC003989,ToU,365,365,5,True,False,True
MAC000904,Std,365,365,8,True,True,True
MAC000276,Std,365,365,10,True,True,True
MAC003983,Std,365,365,5,True,False,True
MAC005537,ToU,365,365,8,True,True,True
MAC000277,Std,365,365,10,True,True,True
MAC000252,Std,365,365,12,True,True,True
MAC004840,Std,365,365,8,True,True,True
MAC004090,Std,365,365,7,True,True,True
MAC003981,Std,365,365,5,True,False,True
MAC004834,Std,365,365,8,True,True,True
MAC004127,Std,315,314,7,True,True,True
MAC004824,Std,365,365,8,True,True,True
MAC000988,Std,94,93,8,True,True,True
MAC004975,Std,365,365,11,True,True,True
MAC004270,ToU,189,188,7,True,True,True
MAC004817,Std,365,365,8,True,True,True
MAC000986,Std,365,363,8,True,True,True
MAC004844,Std,365,365,8,True,True,True
MAC000984,Std,365,365,8,True,True,True
MAC005536,ToU,365,365,8,True,True,True
MAC004862,Std,365,365,12,True,True,True
MAC004859,Std,365,365,12,True,True,True
MAC000160,Std,365,364,12,True,True,True
MAC004093,Std,365,359,7,True,True,True
MAC000445,Std,365,365,9,True,True,True
MAC004117,Std,365,365,7,True,True,True
MAC004039,Std,365,365,5,True,False,True
MAC000880,Std,365,365,8,True,True,True
MAC004223,ToU,365,365,7,True,True,True
MAC004121,Std,365,365,7,True,True,True
MAC005477,ToU,365,365,8,True,True,True
MAC004229,ToU,365,364,7,True,True,True
MAC003967,ToU,365,365,5,True,False,True
MAC004124,Std,365,362,7,True,True,True
MAC004967,Std,365,365,11,True,True,True
MAC004845,Std,365,364,12,True,True,True
MAC000980,Std,365,324,8,False,False,False
MAC000634,Std,365,365,8,True,True,True
MAC000502,Std,365,365,9,True,True,True
MAC003950,Std,365,361,5,True,False,True
MAC004299,Std,229,228,7,True,True,True
MAC005162,ToU,365,365,7,True,True,True
MAC004301,Std,365,365,7,True,True,True
MAC004492,Std,365,365,12,True,True,True
MAC004488,Std,365,365,12,True,True,True
MAC005161,ToU,365,365,7,True,True,True
MAC000188,Std,365,365,12,True,True,True
MAC004304,Std,365,365,7,True,True,True
MAC004310,Std,365,364,7,True,True,True
MAC000211,Std,365,365,12,True,True,True
MAC004483,Std,365,347,10,True,True,True
MAC005150,ToU,365,363,7,True,True,True
MAC004312,Std,365,365,7,True,True,True
MAC004837,ToU,365,365,8,True,True,True
MAC004313,Std,365,365,7,True,True,True
MAC004478,Std,365,365,12,True,True,True
MAC005147,ToU,365,365,7,True,True,True
MAC000210,Std,365,364,12,True,True,True
MAC004838,ToU,365,363,8,True,True,True
MAC003587,Std,365,365,2,True,False,False
MAC005146,ToU,365,365,7,True,True,True
MAC004499,Std,365,365,12,True,True,True
MAC004296,Std,365,365,7,True,True,True
MAC000184,Std,217,216,12,True,True,True
MAC000217,Std,365,365,12,True,True,True
MAC004751,ToU,365,365,9,True,True,True
MAC000721,Std,365,365,8,True,True,True
MAC005173,ToU,365,365,7,True,True,True
MAC004753,ToU,365,364,9,True,True,True
MAC000215,Std,365,365,12,True,True,True
MAC004526,Std,365,365,12,True,True,True
MAC004523,Std,365,365,12,True,True,True
MAC004282,Std,365,363,7,True,True,True
MAC004284,Std,273,272,7,True,True,True
MAC004285,Std,365,365,7,True,True,True
MAC004521,Std,365,364,12,True,True,True
MAC000563,Std,365,365,8,True,True,True
MAC004768,ToU,365,365,9,True,True,True
MAC004288,Std,365,365,7,True,True,True
MAC004290,Std,365,365,7,True,True,True
MAC000185,Std,365,364,12,True,True,True
MAC004502,Std,365,364,12,True,True,True
MAC000698,Std,365,365,8,True,True,True
MAC000190,Std,365,365,12,True,True,True
MAC005127,ToU,365,365,7,True,True,True
MAC004472,Std,365,365,12,True,True,True
MAC005057,ToU,148,147,7,True,True,True
MAC000143,Std,365,365,12,True,True,True
MAC000655,Std,365,364,8,True,True,True
MAC004412,Std,365,365,9,True,True,True
MAC003662,Std,336,336,2,True,False,False
MAC000650,Std,365,365,8,True,True,True
MAC000145,Std,365,365,12,True,True,True
MAC004969,ToU,365,365,11,True,True,True
MAC000648,Std,365,365,2,True,False,False
MAC004368,Std,365,365,9,True,True,True
MAC000149,Std,365,365,12,True,True,True
MAC004371,Std,365,365,9,True,True,True
MAC000643,Std,365,365,8,True,True,True
MAC000642,Std,365,365,8,True,True,True
MAC000201,Std,365,365,12,True,True,True
MAC000148,Std,365,365,12,True,True,True
MAC004375,Std,365,365,9,True,True,True
MAC003689,Std,365,365,2,True,False,False
MAC004378,Std,365,365,9,True,True,True
MAC004418,Std,365,365,9,True,True,True
MAC004420,Std,365,365,9,True,True,True
MAC000661,Std,365,365,8,True,True,True
MAC003717,Std,365,365,2,True,False,False
MAC000209,Std,365,365,12,True,True,True
MAC004337,Std,365,365,9,True,True,True
MAC000591,Std,365,365,8,True,True,True
MAC005110,ToU,365,365,7,True,True,True
MAC004466,Std,365,365,12,True,True,True
MAC000678,Std,365,365,8,True,True,True
MAC000594,Std,365,365,8,True,True,True
MAC000192,Std,365,365,12,True,True,True
MAC000676,Std,365,365,8,True,True,True
MAC005186,ToU,365,364,11,True,True,True
MAC000675,Std,365,365,8,True,True,True
MAC000671,Std,365,364,8,True,True,True
MAC004917,ToU,365,344,11,True,True,True
MAC004444,Std,365,365,9,True,True,True
MAC005069,ToU,365,365,7,True,True,True
MAC004441,Std,365,365,9,True,True,True
MAC000613,Std,365,365,8,True,True,True
MAC004429,Std,365,365,9,True,True,True
MAC000200,Std,365,365,12,True,True,True
MAC000206,Std,365,365,12,True,True,True
MAC000197,Std,365,365,12,True,True,True
MAC004362,ToU,365,360,9,True,True,True
MAC003811,Std,365,364,2,True,False,False
MAC000553,Std,365,365,8,True,True,True
MAC000232,Std,365,365,12,True,True,True
MAC003928,Std,365,365,1,True,False,False
MAC003431,Std,365,365,3,True,False,False
MAC004688,Std,365,365,5,True,False,True
MAC004551,ToU,365,365,12,True,True,True
MAC004163,Std,365,365,7,True,True,True
MAC005341,ToU,365,365,10,True,True,True
MAC000229,Std,365,364,12,True,True,True
MAC004175,Std,365,365,7,True,True,True
MAC000799,Std,365,365,8,True,True,True
MAC000795,Std,365,365,8,True,True,True
MAC000794,Std,365,363,7,True,True,True
MAC000163,Std,365,365,12,True,True,True
MAC000788,Std,289,288,8,True,True,True
MAC000787,Std,365,365,8,True,True,True
MAC000783,Std,365,365,8,True,True,True
MAC004646,Std,365,365,5,True,False,True
MAC000156,Std,365,365,12,True,True,True
MAC000501,Std,365,364,9,True,True,True
MAC000813,Std,208,208,8,True,True,True
MAC003905,Std,365,365,2,True,False,False
MAC004698,Std,365,365,5,True,False,True
MAC004456,ToU,365,365,12,True,True,True
MAC000468,Std,365,365,9,True,True,True
MAC005396,ToU,365,365,10,True,True,True
MAC004396,ToU,365,365,9,True,True,True
MAC004400,ToU,365,365,9,True,True,True
MAC000240,Std,287,286,12,True,True,True
MAC004747,Std,365,365,9,True,True,True
MAC000238,Std,365,365,12,True,True,True
MAC004739,Std,365,365,9,True,True,True
MAC000476,Std,365,365,9,True,True,True
MAC004732,Std,365,365,9,True,True,True
MAC003941,Std,365,365,5,True,False,True
MAC004445,ToU,365,288,7,False,False,False
MAC004145,Std,365,365,7,True,True,True
MAC004726,Std,365,365,9,True,True,True
MAC004725,Std,365,364,9,True,True,True
MAC000479,Std,365,365,9,True,True,True
MAC003937,Std,365,365,5,True,False,True
MAC004708,Std,365,365,5,True,False,True
MAC004451,ToU,365,363,9,True,True,True
MAC000826,Std,365,365,8,True,True,True
MAC004643,Std,365,365,5,True,False,True
MAC000167,Std,365,365,12,True,True,True
MAC004188,Std,365,364,7,True,True,True
MAC004578,Std,228,227,12,True,True,True
MAC005256,ToU,365,365,10,True,True,True
MAC000536,Std,365,365,8,True,True,True
MAC003519,Std,365,365,2,True,False,False
MAC004235,Std,365,363,7,True,True,True
MAC004237,Std,365,365,7,True,True,True
MAC004572,Std,365,365,12,True,True,True
MAC000539,Std,365,365,8,True,True,True
MAC000177,Std,365,365,12,True,True,True
MAC004691,ToU,365,365,5,True,False,True
MAC004253,Std,365,365,7,True,True,True
MAC004254,Std,365,365,7,True,True,True
MAC004557,Std,365,365,12,True,True,True
MAC004257,Std,185,184,6,True,True,True
MAC004267,Std,365,365,7,True,True,True
MAC000180,Std,365,365,12,True,True,True
MAC004545,Std,365,365,12,True,True,True
MAC003825,Std,365,365,2,True,False,False
MAC000550,Std,365,365,8,True,True,True
MAC004580,Std,43,42,12,True,True,True
MAC004230,Std,365,362,7,True,True,True
MAC000222,Std,365,365,12,True,True,True
MAC004226,Std,315,314,7,True,True,True
MAC003893,Std,365,364,2,True,False,False
MAC004636,Std,365,365,5,True,False,True
MAC004635,Std,365,365,5,True,False,True
MAC000226,Std,365,365,12,True,True,True
MAC004641,ToU,365,365,5,True,False,True
MAC000769,Std,365,365,8,True,True,True
MAC004197,Std,365,364,7,True,True,True
MAC004201,Std,365,365,7,True,True,True
MAC004616,Std,365,365,5,True,False,True
MAC004274,Std,365,365,7,True,True,True
MAC004202,Std,365,365,7,True,True,True
MAC004657,ToU,365,362,5,True,False,True
MAC004608,Std,365,365,5,True,False,True
MAC004212,Std,365,365,7,True,True,True
MAC004600,Std,365,364,5,True,False,True
MAC004217,Std,365,365,7,True,True,True
MAC004220,Std,365,364,7,True,True,True
MAC004588,Std,365,364,5,True,False,True
MAC000530,Std,365,363,9,True,True,True
MAC003509,Std,365,365,2,True,False,False
MAC004203,Std,365,365,7,True,True,True
MAC001944,Std,365,365,6,True,True,True
MAC000399,Std,323,322,9,True,True,True
MAC001463,Std,365,364,7,True,True,True
MAC002283,Std,365,365,7,True,True,True
MAC001718,ToU,365,365,7,True,True,True
MAC002715,Std,365,364,7,True,True,True
MAC002716,Std,365,365,7,True,True,True
MAC001696,Std,365,365,7,True,True,True
MAC001327,Std,365,365,7,True,True,True
MAC002278,Std,365,365,8,True,True,True
MAC002731,Std,365,365,7,True,True,True
MAC002733,Std,365,365,7,True,True,True
MAC000098,Std,365,363,12,True,True,True
MAC002672,ToU,365,365,7,True,True,True
MAC001312,Std,365,365,7,True,True,True
MAC002746,Std,365,363,7,True,True,True
MAC001308,Std,365,365,7,True,True,True
MAC002748,Std,365,365,7,True,True,True
MAC002738,ToU,365,365,7,True,True,True
MAC001301,Std,365,365,7,True,True,True
MAC002753,Std,365,365,7,True,True,True
MAC001300,Std,0,0,0,False,False,False
MAC002755,Std,365,364,7,True,True,True
MAC001296,Std,365,365,7,True,True,True
MAC002275,Std,0,0,6,False,False,False
MAC001310,Std,365,362,7,True,True,True
MAC000328,ToU,365,364,9,True,True,True
MAC005305,Std,365,365,10,True,True,True
MAC002698,Std,365,365,7,True,True,True
MAC001391,Std,365,365,7,True,True,True
MAC002640,Std,365,365,8,True,True,True
MAC001390,Std,365,365,7,True,True,True
MAC001382,Std,365,365,7,True,True,True
MAC001778,ToU,365,365,6,True,True,True
MAC002650,Std,263,259,7,True,True,True
MAC002651,Std,365,364,7,True,True,True
MAC000198,ToU,365,365,12,True,True,True
MAC001377,Std,365,365,7,True,True,True
MAC000247,ToU,365,364,12,True,True,True
MAC002301,Std,365,365,8,True,True,True
MAC005325,Std,365,365,10,True,True,True
MAC001368,Std,365,365,7,True,True,True
MAC002585,ToU,365,364,5,True,False,True
MAC000261,ToU,365,365,12,True,True,True
MAC000265,ToU,365,364,12,True,True,True
MAC002586,ToU,365,364,5,True,False,True
MAC002589,ToU,365,365,5,True,False,True
MAC002682,Std,365,365,7,True,True,True
MAC002684,Std,365,363,7,True,True,True
MAC000286,ToU,365,365,10,True,True,True
MAC001685,Std,365,365,6,True,True,True
MAC002286,Std,365,365,8,True,True,True
MAC002769,ToU,233,233,7,True,True,True
MAC002520,ToU,365,365,5,True,False,True
MAC002794,ToU,365,365,7,True,True,True
MAC000366,ToU,365,365,9,True,True,True
MAC001248,Std,365,365,7,True,True,True
MAC002909,ToU,365,365,5,True,False,True
MAC001242,Std,365,365,7,True,True,True
MAC002231,Std,365,365,8,True,True,True
MAC002918,ToU,365,365,6,True,True,True
MAC005230,Std,365,329,8,True,True,True
MAC001721,Std,365,365,7,True,True,True
MAC002834,Std,365,363,7,True,True,True
MAC001724,Std,365,365,7,True,True,True
MAC005493,Std,365,365,8,True,True,True
MAC000467,ToU,307,307,9,True,True,True
MAC000319,Std,365,365,9,True,True,True
MAC002932,ToU,365,365,6,True,True,True
MAC001728,Std,365,365,7,True,True,True
MAC001729,Std,365,365,7,True,True,True
MAC000494,ToU,343,343,9,True,True,True
MAC002983,ToU,365,365,6,True,True,True
MAC002995,ToU,365,365,5,True,False,True
MAC001217,Std,365,364,7,True,True,True
MAC001216,Std,365,365,7,True,True,True
MAC001686,ToU,365,365,7,True,True,True
MAC001214,Std,365,365,7,True,True,True
MAC002837,Std,365,365,7,True,True,True
MAC000465,ToU,365,365,9,True,True,True
MAC002818,Std,365,365,7,True,True,True
MAC001249,Std,365,365,7,True,True,True
MAC000369,ToU,365,365,9,True,True,True
MAC002266,Std,365,365,8,True,True,True
MAC005264,Std,365,365,10,True,True,True
MAC002261,Std,365,365,8,True,True,True
MAC001280,Std,365,365,7,True,True,True
MAC002783,Std,365,365,7,True,True,True
MAC000439,ToU,365,365,9,True,True,True
MAC001268,Std,365,365,7,True,True,True
MAC002254,Std,365,365,8,True,True,True
MAC002855,ToU,322,322,7,True,True,True
MAC001265,Std,365,365,7,True,True,True
MAC002253,Std,365,365,8,True,True,True
MAC002799,Std,365,365,7,True,True,True
MAC002251,Std,365,365,8,True,True,True
MAC005246,Std,365,365,10,True,True,True
MAC004063,Std,365,365,5,True,False,True
MAC005245,Std,365,365,10,True,True,True
MAC001262,Std,365,365,7,True,True,True
MAC002874,ToU,365,365,7,True,True,True
MAC005243,Std,365,365,10,True,True,True
MAC001694,ToU,365,365,7,True,True,True
MAC002894,ToU,365,365,5,True,False,True
MAC005241,Std,365,365,10,True,True,True
MAC002795,ToU,365,365,7,True,True,True
MAC002507,ToU,365,365,5,True,False,True
MAC000170,ToU,365,365,12,True,True,True
MAC001847,ToU,365,365,6,True,True,True
MAC005438,Std,365,365,8,True,True,True
MAC002451,Std,310,309,8,True,True,True
MAC002022,ToU,365,364,6,True,True,True
MAC002122,ToU,365,365,6,True,True,True
MAC005431,Std,365,365,8,True,True,True
MAC002460,Std,365,364,8,True,True,True
MAC005542,Std,365,365,8,True,True,True
MAC002376,Std,365,365,8,True,True,True
MAC002465,Std,365,365,8,True,True,True
MAC002466,Std,365,365,8,True,True,True
MAC002449,Std,327,326,8,True,True,True
MAC001548,Std,365,365,7,True,True,True
MAC001615,Std,365,365,7,True,True,True
MAC001543,Std,365,365,7,True,True,True
MAC002480,Std,365,365,8,True,True,True
MAC001535,Std,365,365,7,True,True,True
MAC002487,Std,365,365,5,True,False,True
MAC002489,Std,365,365,5,True,False,True
MAC002176,ToU,365,364,6,True,True,True
MAC002182,ToU,365,365,6,True,True,True
MAC002500,Std,365,361,5,True,False,True
MAC002183,ToU,365,363,6,True,True,True
MAC005425,Std,365,365,8,True,True,True
MAC002110,ToU,0,0,0,False,False,False
MAC002383,Std,365,365,8,True,True,True
MAC002030,ToU,365,365,6,True,True,True
MAC005481,Std,365,365,8,True,True,True
MAC002397,Std,365,365,8,True,True,True
MAC002084,ToU,365,365,6,True,True,True
MAC005471,Std,365,365,8,True,True,True
MAC005467,Std,365,358,8,True,True,True
MAC005466,Std,365,365,8,True,True,True
MAC005464,Std,365,363,8,True,True,True
MAC002417,Std,365,365,8,True,True,True
MAC005456,Std,365,352,8,True,True,True
MAC002422,Std,365,365,8,True,True,True
MAC001573,Std,365,364,7,True,True,True
MAC005451,Std,365,365,8,True,True,True
MAC001570,Std,365,365,7,True,True,True
MAC002395,Std,365,365,8,True,True,True
MAC002430,Std,365,365,8,True,True,True
MAC002061,ToU,365,365,6,True,True,True
MAC001569,Std,365,365,7,True,True,True
MAC002393,Std,365,364,8,True,True,True
MAC002389,Std,365,365,8,True,True,True
MAC001599,Std,90,89,7,True,True,True
MAC001601,Std,365,365,7,True,True,True
MAC005441,Std,365,365,8,True,True,True
MAC001563,Std,365,365,7,True,True,True
MAC002502,Std,365,364,5,True,False,True
MAC001969,ToU,365,365,6,True,True,True
MAC001523,Std,365,364,7,True,True,True
MAC002193,ToU,365,365,6,True,True,True
MAC005379,Std,365,365,10,True,True,True
MAC001450,Std,365,365,7,True,True,True
MAC001861,ToU,365,365,6,True,True,True
MAC002344,ToU,365,365,8,True,True,True
MAC002349,Std,365,365,8,True,True,True
MAC002348,Std,365,365,8,True,True,True
MAC005372,Std,365,365,10,True,True,True
MAC001646,Std,365,365,7,True,True,True
MAC001432,Std,365,364,7,True,True,True
MAC001649,Std,365,365,7,True,True,True
MAC002332,Std,365,365,8,True,True,True
MAC001427,Std,0,0,6,False,False,False
MAC001659,Std,365,365,7,True,True,True
MAC002329,Std,365,365,8,True,True,True
MAC001422,Std,365,365,7,True,True,True
MAC000147,ToU,365,365,12,True,True,True
MAC002619,Std,365,365,8,True,True,True
MAC000314,Std,365,365,9,True,True,True
MAC001403,Std,52,51,7,True,True,True
MAC002486,ToU,365,365,5,True,False,True
MAC002320,Std,365,365,8,True,True,True
MAC005361,Std,365,358,10,True,True,True
MAC002630,Std,365,365,8,True,True,True
MAC002577,Std,365,365,5,True,False,True
MAC001211,Std,339,338,7,True,True,True
MAC001637,Std,365,365,7,True,True,True
MAC001458,Std,365,365,7,True,True,True
MAC001515,Std,365,364,6,True,True,True
MAC002521,Std,365,365,5,True,False,True
MAC002219,ToU,365,365,6,True,True,True
MAC005562,Std,365,365,7,True,True,True
MAC001625,Std,365,365,7,True,True,True
MAC002363,Std,365,365,8,True,True,True
MAC002529,Std,365,364,5,True,False,True
MAC000347,Std,365,365,9,True,True,True
MAC002532,Std,365,365,5,True,False,True
MAC001629,Std,49,48,7,True,True,True
MAC002538,Std,365,365,5,True,False,True
MAC002227,ToU,0,0,7,False,False,False
MAC001492,Std,365,365,7,True,True,True
MAC001491,Std,365,365,7,True,True,True
MAC001490,Std,365,365,7,True,True,True
MAC001630,Std,365,365,7,True,True,True
MAC001481,Std,365,365,7,True,True,True
MAC001631,Std,365,365,7,True,True,True
MAC000044,ToU,365,365,12,True,True,True
MAC002554,Std,365,365,5,True,False,True
MAC002277,ToU,365,364,8,True,True,True
MAC000051,ToU,365,363,12,True,True,True
MAC003132,Std,365,365,7,True,True,True
MAC001635,Std,365,365,7,True,True,True
MAC001733,Std,365,364,7,True,True,True
MAC002927,ToU,365,364,5,True,False,True
MAC002205,Std,365,365,6,True,True,True
MAC000841,ToU,365,365,8,True,True,True
MAC001848,Std,365,365,6,True,True,True
MAC000845,ToU,365,365,8,True,True,True
MAC003028,Std,339,338,7,True,True,True
MAC003029,Std,365,365,7,True,True,True
MAC001860,Std,365,365,6,True,True,True
MAC000859,ToU,365,365,8,True,True,True
MAC005078,Std,365,365,7,True,True,True
MAC005077,Std,208,207,7,True,True,True
MAC003034,Std,365,365,7,True,True,True
MAC001372,ToU,365,365,7,True,True,True
MAC005073,Std,365,365,7,True,True,True
MAC000887,ToU,365,365,8,True,True,True
MAC001090,Std,365,365,7,True,True,True
MAC000901,ToU,365,365,8,True,True,True
MAC005071,Std,365,365,7,True,True,True
MAC002044,Std,365,365,6,True,True,True
MAC003050,Std,365,365,7,True,True,True
MAC005067,Std,365,364,7,True,True,True
MAC003503,ToU,365,365,2,True,False,False
MAC001877,Std,365,365,6,True,True,True
MAC000834,ToU,365,365,8,True,True,True
MAC005092,Std,9,8,7,False,False,False
MAC001842,Std,365,364,6,True,True,True
MAC000053,Std,365,365,12,True,True,True
MAC001809,Std,365,365,6,True,True,True
MAC005123,Std,365,365,7,True,True,True
MAC002994,Std,365,365,5,True,False,True
MAC002998,Std,365,365,5,True,False,True
MAC001813,Std,365,365,6,True,True,True
MAC005114,Std,365,365,7,True,True,True
MAC001818,Std,365,365,6,True,True,True
MAC001822,Std,365,365,6,True,True,True
MAC001125,Std,365,365,7,True,True,True
MAC001124,Std,365,365,7,True,True,True
MAC002034,Std,365,362,6,True,True,True
MAC002090,Std,365,365,6,True,True,True
MAC001828,Std,365,364,6,True,True,True
MAC001121,Std,365,363,7,True,True,True
MAC002086,Std,365,365,6,True,True,True
MAC005107,Std,365,364,7,True,True,True
MAC001466,ToU,365,365,7,True,True,True
MAC001941,Std,365,365,6,True,True,True
MAC001447,ToU,365,365,7,True,True,True
MAC005099,Std,0,0,6,False,False,False
MAC000821,ToU,365,365,8,True,True,True
MAC001838,Std,365,365,6,True,True,True
MAC001210,Std,365,365,7,True,True,True
MAC001879,Std,365,365,6,True,True,True
MAC001084,Std,365,362,6,True,True,True
MAC003057,Std,365,364,7,True,True,True
MAC001169,ToU,365,362,7,True,True,True
MAC001033,ToU,365,365,8,True,True,True
MAC001974,Std,365,364,6,True,True,True
MAC005024,Std,365,365,11,True,True,True
MAC001973,Std,365,365,6,True,True,True
MAC001971,Std,365,365,6,True,True,True
MAC001924,Std,327,326,6,True,True,True
MAC001926,Std,365,365,6,True,True,True
MAC001965,Std,365,365,6,True,True,True
MAC001141,ToU,365,365,7,True,True,True
MAC003679,ToU,365,365,2,True,False,False
MAC001136,ToU,273,272,7,True,True,True
MAC001934,Std,365,365,6,True,True,True
MAC001949,Std,365,365,6,True,True,True
MAC003118,Std,365,365,7,True,True,True
MAC000039,Std,365,364,12,True,True,True
MAC003121,Std,365,365,7,True,True,True
MAC001948,Std,365,332,6,True,True,True
MAC001103,ToU,365,365,7,True,True,True
MAC003125,Std,365,365,7,True,True,True
MAC003126,Std,365,364,7,True,True,True
MAC001946,Std,365,365,6,True,True,True
MAC001961,Std,365,365,6,True,True,True
MAC005126,Std,365,365,7,True,True,True
MAC003101,Std,365,365,7,True,True,True
MAC001023,ToU,365,365,8,True,True,True
MAC005064,Std,365,365,7,True,True,True
MAC001290,ToU,21,21,7,True,True,True
MAC005060,Std,365,365,7,True,True,True
MAC001080,Std,264,264,7,True,True,True
MAC001079,Std,365,360,7,True,True,True
MAC001078,Std,365,365,7,True,True,True
MAC001281,ToU,160,160,7,True,True,True
MAC005050,Std,365,365,7,True,True,True
MAC001890,Std,365,365,6,True,True,True
MAC001270,ToU,365,365,7,True,True,True
MAC001025,ToU,365,365,8,True,True,True
MAC001264,ToU,365,365,7,True,True,True
MAC002012,Std,365,365,6,True,True,True
MAC001228,ToU,365,364,7,True,True,True
MAC001901,Std,52,51,6,True,True,True
MAC001903,Std,365,364,6,True,True,True
MAC001906,Std,365,365,6,True,True,True
MAC001992,Std,365,364,6,True,True,True
MAC001911,Std,365,364,6,True,True,True
MAC001913,Std,365,365,6,True,True,True
MAC003643,ToU,365,365,2,True,False,False
MAC001055,Std,365,365,7,True,True,True
MAC005043,Std,365,363,11,True,True,True
MAC002987,Std,365,365,5,True,False,True
MAC000789,ToU,365,365,8,True,True,True
MAC000728,ToU,365,365,8,True,True,True
MAC002181,Std,365,365,6,True,True,True
MAC001757,Std,365,365,6,True,True,True
MAC002922,Std,365,365,5,True,False,True
MAC005170,Std,365,365,7,True,True,True
MAC001758,Std,365,365,7,True,True,True
MAC005169,Std,365,365,7,True,True,True
MAC005167,Std,365,365,7,True,True,True
MAC001170,Std,365,365,7,True,True,True
MAC005129,Std,365,363,7,True,True,True
MAC001759,Std,365,365,7,True,True,True
MAC005155,Std,365,364,7,True,True,True
MAC001760,Std,365,364,7,True,True,True
MAC002942,Std,365,363,5,True,False,True
MAC000060,Std,365,365,12,True,True,True
MAC002944,Std,365,365,5,True,False,True
MAC002169,Std,58,57,6,True,True,True
MAC001764,Std,365,365,7,True,True,True
MAC005174,Std,365,365,7,True,True,True
MAC002186,Std,365,365,6,True,True,True
MAC005176,Std,365,365,6,True,True,True
MAC001186,Std,365,365,7,True,True,True
MAC001208,Std,365,365,7,True,True,True
MAC005210,Std,365,365,10,True,True,True
MAC005208,Std,365,365,10,True,True,True
MAC002872,Std,365,365,7,True,True,True
MAC002873,Std,365,365,7,True,True,True
MAC003069,ToU,365,365,7,True,True,True
MAC001200,Std,365,364,7,True,True,True
MAC005201,Std,365,365,10,True,True,True
MAC001769,Std,365,365,6,True,True,True
MAC001197,Std,365,365,7,True,True,True
MAC002890,Std,365,365,5,True,False,True
MAC005191,Std,365,365,11,True,True,True
MAC005188,Std,365,365,11,True,True,True
MAC001667,ToU,365,365,7,True,True,True
MAC001660,ToU,365,365,7,True,True,True
MAC002904,Std,365,364,5,True,False,True
MAC000586,ToU,365,365,8,True,True,True
MAC002189,Std,365,364,6,True,True,True
MAC003080,ToU,365,365,7,True,True,True
MAC002163,Std,365,364,6,True,True,True
MAC000605,ToU,365,365,8,True,True,True
MAC002973,Std,365,365,6,True,True,True
MAC001789,Std,365,365,6,True,True,True
MAC002964,Std,365,365,6,True,True,True
MAC001790,Std,365,365,6,True,True,True
MAC001793,Std,365,365,6,True,True,True
MAC005133,Std,365,365,7,True,True,True
MAC002136,Std,365,365,6,True,True,True
MAC002960,Std,365,365,5,True,False,True
MAC001542,ToU,365,365,7,True,True,True
MAC001802,Std,365,362,6,True,True,True
MAC001139,Std,365,365,7,True,True,True
MAC001508,ToU,365,365,7,True,True,True
MAC001805,Std,365,365,6,True,True,True
MAC000725,ToU,365,365,8,True,True,True
MAC002984,Std,365,365,6,True,True,True
MAC000710,ToU,365,365,8,True,True,True
MAC001786,Std,365,365,6,True,True,True
MAC001587,Std,365,365,7,True,True,True
MAC002956,Std,365,365,5,True,False,True
MAC001784,Std,365,363,6,True,True,True
MAC001782,Std,365,364,6,True,True,True
MAC002957,Std,365,365,5,True,False,True
MAC001602,ToU,365,365,7,True,True,True
MAC002149,Std,365,365,6,True,True,True
MAC004151,Std,365,365,7,True,True,True
MAC000754,ToU,365,365,8,True,True,True
MAC000470,ToU,365,365,9,True,True,True
MAC002104,Std,365,365,6,True,True,True
MAC000453,Std,365,365,9,True,True,True
MAC001739,Std,365,365,7,True,True,True
MAC000519,Std,365,365,9,True,True,True
MAC004032,Std,365,365,5,True,False,True
MAC003904,Std,365,365,2,True,False,False
MAC000183,Std,365,353,12,True,True,True
MAC004271,Std,365,365,7,True,True,True
MAC004204,Std,365,365,7,True,True,True
MAC001870,Std,32,31,6,True,True,True
MAC004134,Std,365,365,5,True,False,True
MAC001690,Std,365,365,7,True,True,True
MAC004338,Std,365,365,9,True,True,True
MAC002220,Std,365,365,6,True,True,True
MAC001940,Std,365,365,6,True,True,True
MAC004060,Std,365,365,5,True,False,True
MAC000278,ToU,365,365,10,True,True,True
MAC003796,Std,365,365,2,True,False,False
MAC001680,ToU,365,365,6,True,True,True
MAC003868,Std,365,365,2,True,False,False
MAC001592,Std,365,365,7,True,True,True
MAC003870,Std,365,365,2,True,False,False
MAC000352,ToU,365,365,9,True,True,True
MAC001807,Std,365,365,6,True,True,True
MAC003871,Std,365,365,2,True,False,False
MAC001935,Std,365,365,6,True,True,True
MAC000524,Std,365,365,9,True,True,True
MAC004049,Std,365,365,5,True,False,True
MAC005281,ToU,86,85,10,True,True,True
MAC003819,Std,365,365,2,True,False,False
MAC001985,Std,365,365,6,True,True,True
MAC000097,Std,365,365,12,True,True,True
MAC005533,ToU,365,365,8,True,True,True
MAC003734,Std,365,365,2,True,False,False
MAC003814,Std,365,364,2,True,False,False
MAC004130,Std,365,365,7,True,True,True
MAC003735,Std,365,365,2,True,False,False
MAC001626,ToU,365,365,7,True,True,True
MAC001881,Std,365,365,6,True,True,True
MAC004138,Std,365,365,7,True,True,True
MAC002032,Std,365,364,6,True,True,True
MAC000094,Std,365,365,12,True,True,True
MAC002074,Std,365,365,6,True,True,True
MAC003831,Std,365,365,2,True,False,False
MAC003830,Std,365,365,2,True,False,False
MAC002037,Std,365,365,6,True,True,True
MAC003828,Std,365,365,2,True,False,False
MAC002071,Std,365,365,6,True,True,True
MAC001335,ToU,365,365,7,True,True,True
MAC003847,Std,365,365,2,True,False,False
MAC003733,Std,365,364,2,True,False,False
MAC001566,ToU,365,365,7,True,True,True
MAC001636,ToU,365,365,7,True,True,True
MAC005514,ToU,365,365,8,True,True,True
MAC000151,Std,365,365,12,True,True,True
MAC003729,Std,365,365,2,True,False,False
MAC001012,ToU,365,365,7,True,True,True
MAC003810,Std,365,365,2,True,False,False
MAC002311,Std,365,365,8,True,True,True
MAC000157,Std,365,365,12,True,True,True
MAC001857,ToU,365,365,6,True,True,True
MAC000595,ToU,365,365,8,True,True,True
MAC001830,ToU,365,365,6,True,True,True
MAC005543,Std,365,365,8,True,True,True
MAC001792,Std,365,365,6,True,True,True
MAC002245,Std,365,365,8,True,True,True
MAC005207,ToU,365,365,10,True,True,True
MAC000447,ToU,365,365,9,True,True,True
MAC001771,Std,365,365,6,True,True,True
MAC003760,ToU,365,365,2,True,False,False
MAC002405,Std,365,365,8,True,True,True
MAC004361,ToU,365,365,9,True,True,True
MAC003370,Std,365,365,3,True,False,False
MAC000241,Std,52,51,12,True,True,True
MAC002075,ToU,365,365,6,True,True,True
MAC003363,Std,365,365,3,True,False,False
MAC003359,Std,365,339,3,True,False,False
MAC003140,ToU,365,364,5,True,False,True
MAC003342,Std,365,365,3,True,False,False
MAC003385,Std,365,365,3,True,False,False
MAC003247,ToU,365,365,3,True,False,False
MAC003332,Std,365,365,3,True,False,False
MAC004830,Std,365,365,8,True,True,True
MAC005139,Std,365,365,7,True,True,True
MAC003259,ToU,365,365,3,True,False,False
MAC003262,ToU,365,365,3,True,False,False
MAC003307,Std,365,365,3,True,False,False
MAC005132,Std,365,365,7,True,True,True
MAC003304,Std,365,365,3,True,False,False
MAC000250,Std,365,365,12,True,True,True
MAC003302,Std,365,365,3,True,False,False
MAC003391,Std,365,365,3,True,False,False
MAC005213,Std,365,365,10,True,True,True
MAC003478,Std,365,365,3,True,False,False
MAC000069,Std,365,365,12,True,True,True
MAC003475,Std,365,365,3,True,False,False
MAC003470,Std,365,365,3,True,False,False
MAC002836,ToU,233,233,7,True,True,True
MAC002787,Std,365,365,7,True,True,True
MAC002789,Std,365,365,6,True,True,True
MAC004658,Std,303,302,5,True,False,True
MAC003393,Std,365,365,3,True,False,False
MAC003452,Std,365,365,3,True,False,False
MAC001253,Std,365,365,7,True,True,True
MAC005239,Std,365,365,10,True,True,True
MAC004685,Std,365,365,5,True,False,True
MAC004485,ToU,365,365,12,True,True,True
MAC004703,Std,365,365,5,True,False,True
MAC001227,Std,365,365,7,True,True,True
MAC002847,Std,324,322,7,True,True,True
MAC000835,Std,365,365,8,True,True,True
MAC004660,Std,365,365,5,True,False,True
MAC004850,Std,365,365,12,True,True,True
MAC005130,Std,365,365,7,True,True,True
MAC000900,Std,365,365,8,True,True,True
MAC001069,Std,365,365,7,True,True,True
MAC004962,Std,365,364,11,True,True,True
MAC003968,ToU,365,365,5,True,False,True
MAC003571,ToU,365,365,2,True,False,False
MAC004970,Std,365,365,11,True,True,True
MAC003187,Std,365,364,3,True,False,False
MAC003617,ToU,365,365,2,True,False,False
MAC003092,Std,365,359,7,True,True,True
MAC001071,Std,365,365,7,True,True,True
MAC004978,Std,365,365,11,True,True,True
MAC003677,ToU,365,365,2,True,False,False
MAC003169,Std,365,365,3,True,False,False
MAC003695,ToU,365,365,2,True,False,False
MAC003713,ToU,365,365,2,True,False,False
MAC003827,ToU,365,365,2,True,False,False
MAC003771,ToU,365,365,2,True,False,False
MAC005012,Std,0,0,10,False,False,False
MAC001036,Std,365,365,8,True,True,True
MAC003174,Std,365,365,3,True,False,False
MAC003531,ToU,365,365,2,True,False,False
MAC000118,Std,365,365,12,True,True,True
MAC003228,Std,365,365,3,True,False,False
MAC003295,Std,365,365,3,True,False,False
MAC003274,ToU,365,365,3,True,False,False
MAC004874,Std,365,365,12,True,True,True
MAC000260,Std,365,365,12,True,True,True
MAC003276,Std,365,365,3,True,False,False
MAC003333,ToU,365,365,3,True,False,False
MAC003266,Std,365,365,3,True,False,False
MAC003409,ToU,365,365,3,True,False,False
MAC003414,ToU,365,365,3,True,False,False
MAC003255,Std,365,365,3,True,False,False
MAC003419,ToU,365,365,3,True,False,False
MAC005090,Std,247,243,7,True,True,True
MAC004905,Std,365,365,11,True,True,True
MAC003244,Std,365,365,3,True,False,False
MAC005084,Std,206,205,7,True,True,True
MAC003234,Std,365,365,3,True,False,False
MAC003483,ToU,365,365,3,True,False,False
MAC003230,Std,365,365,3,True,False,False
MAC003042,Std,365,365,7,True,True,True
MAC003480,Std,365,364,3,True,False,False
MAC002759,Std,365,365,7,True,True,True
MAC005100,Std,210,209,7,True,True,True
MAC000225,Std,81,80,12,True,True,True
MAC001354,Std,365,365,7,True,True,True
MAC003663,Std,365,365,2,True,False,False
MAC003534,Std,365,365,2,True,False,False
MAC002667,Std,365,365,7,True,True,True
MAC002461,Std,365,365,8,True,True,True
MAC002574,ToU,365,365,5,True,False,True
MAC005430,Std,365,365,8,True,True,True
MAC001393,Std,365,364,7,True,True,True
MAC001396,Std,365,365,7,True,True,True
MAC004450,Std,365,365,9,True,True,True
MAC003627,Std,365,365,2,True,False,False
MAC002496,ToU,365,365,5,True,False,True
MAC004762,ToU,365,365,9,True,True,True
MAC002443,Std,365,365,8,True,True,True
MAC005410,Std,365,365,10,True,True,True
MAC001419,Std,252,252,7,True,True,True
MAC004460,Std,365,365,12,True,True,True
MAC002222,ToU,365,365,6,True,True,True
MAC002535,Std,365,364,5,True,False,True
MAC000699,Std,365,365,8,True,True,True
MAC000691,Std,365,365,8,True,True,True
MAC001473,Std,365,365,7,True,True,True
MAC001438,Std,365,365,7,True,True,True
MAC003485,Std,365,365,3,True,False,False
MAC003600,Std,365,365,2,True,False,False
MAC003596,Std,365,365,2,True,False,False
MAC004484,Std,323,322,12,True,True,True
MAC005374,Std,365,365,10,True,True,True
MAC003621,Std,365,365,2,True,False,False
MAC003672,Std,365,365,2,True,False,False
MAC003552,Std,365,365,2,True,False,False
MAC003589,Std,365,365,2,True,False,False
MAC001585,Std,365,365,7,True,True,True
MAC000348,Std,365,365,9,True,True,True
MAC005443,Std,365,365,7,True,True,True
MAC002708,Std,365,365,7,True,True,True
MAC003512,Std,365,365,2,True,False,False
MAC003687,Std,365,365,2,True,False,False
MAC002699,Std,365,365,7,True,True,True
MAC002718,Std,365,365,7,True,True,True
MAC004669,ToU,365,365,5,True,False,True
MAC003681,Std,365,365,2,True,False,False
MAC001091,ToU,365,365,7,True,True,True
MAC003823,ToU,365,364,2,True,False,False
MAC004081,Std,365,365,7,True,True,True
MAC001322,ToU,365,364,7,True,True,True
MAC005072,Std,365,365,7,True,True,True
MAC004031,ToU,107,106,5,True,False,True
MAC004922,Std,365,365,11,True,True,True
MAC000932,ToU,99,98,8,True,True,True
MAC003489,ToU,365,365,2,True,False,False
MAC003524,ToU,365,365,2,True,False,False
MAC005444,Std,365,365,8,True,True,True
MAC003723,ToU,248,248,2,True,False,False
MAC002238,ToU,365,365,8,True,True,True
MAC003820,ToU,365,364,2,True,False,False
MAC005074,Std,365,365,7,True,True,True
MAC005081,Std,365,365,7,True,True,True
MAC004012,ToU,365,365,5,True,False,True
MAC002246,ToU,365,365,8,True,True,True
MAC003439,ToU,365,365,3,True,False,False
MAC004107,ToU,365,365,7,True,True,True
MAC003808,ToU,365,365,2,True,False,False
MAC003753,ToU,365,365,2,True,False,False
MAC003436,ToU,365,365,3,True,False,False
MAC002300,ToU,365,365,8,True,True,True
MAC003758,ToU,365,365,2,True,False,False
MAC003372,ToU,365,365,3,True,False,False
MAC005448,ToU,365,365,8,True,True,True
MAC004929,Std,365,365,11,True,True,True
MAC000010,Std,365,365,3,True,False,False
MAC004391,Std,365,365,9,True,True,True
MAC000043,Std,365,365,12,True,True,True
MAC004956,ToU,365,364,11,True,True,True
MAC005508,ToU,365,365,8,True,True,True
MAC003581,ToU,365,365,2,True,False,False
MAC000091,Std,365,365,12,True,True,True
MAC003899,ToU,365,365,2,True,False,False
MAC004423,Std,365,364,9,True,True,True
MAC004098,Std,365,365,7,True,True,True
MAC003626,ToU,365,365,2,True,False,False
MAC003638,ToU,365,365,2,True,False,False
MAC001016,ToU,365,365,8,True,True,True
MAC003684,ToU,365,365,2,True,False,False
MAC004095,Std,365,365,7,True,True,True
MAC003682,ToU,365,365,2,True,False,False
MAC005035,Std,365,365,11,True,True,True
MAC003528,ToU,365,364,2,True,False,False
MAC000119,Std,365,365,10,True,True,True
MAC004494,Std,365,365,12,True,True,True
MAC001118,ToU,365,365,7,True,True,True
MAC003852,ToU,365,365,2,True,False,False
MAC001297,ToU,365,365,7,True,True,True
MAC003991,ToU,365,365,5,True,False,True
MAC003865,ToU,365,364,2,True,False,False
MAC000946,ToU,273,272,8,True,True,True
MAC000089,Std,365,365,12,True,True,True
MAC000965,ToU,365,365,8,True,True,True
MAC005048,Std,365,365,11,True,True,True
MAC001951,ToU,365,365,6,True,True,True
MAC002188,ToU,365,365,6,True,True,True
MAC003722,ToU,365,365,2,True,False,False
MAC003897,ToU,365,365,2,True,False,False
MAC004440,Std,365,365,9,True,True,True
MAC004114,Std,365,365,7,True,True,True
MAC004457,Std,365,365,12,True,True,True
MAC004321,Std,365,363,7,True,True,True
MAC004155,ToU,365,364,7,True,True,True
MAC005229,Std,365,364,10,True,True,True
MAC004491,ToU,365,365,12,True,True,True
MAC000070,Std,365,365,12,True,True,True
MAC002602,ToU,365,364,5,True,False,True
MAC002951,ToU,365,365,5,True,False,True
MAC004222,Std,365,365,7,True,True,True
MAC004710,ToU,365,365,5,True,False,True
MAC004711,ToU,365,364,5,True,False,True
MAC002925,ToU,200,199,6,True,True,True
MAC004737,Std,365,363,9,True,True,True
MAC000259,ToU,365,362,12,True,True,True
MAC004748,Std,365,365,9,True,True,True
MAC004214,Std,365,365,7,True,True,True
MAC004749,Std,365,365,9,True,True,True
MAC004766,Std,365,364,9,True,True,True
MAC003116,ToU,365,365,7,True,True,True
MAC000007,Std,365,365,3,True,False,False
MAC004542,Std,365,365,12,True,True,True
MAC003044,ToU,365,365,7,True,True,True
MAC005330,Std,365,365,10,True,True,True
MAC002915,ToU,365,365,5,True,False,True
MAC004676,Std,365,365,5,True,False,True
MAC002694,ToU,365,365,7,True,True,True
MAC002692,ToU,365,365,7,True,True,True
MAC002680,ToU,365,365,7,True,True,True
MAC004275,Std,365,365,7,True,True,True
MAC004642,Std,365,365,5,True,False,True
MAC005259,Std,365,365,10,True,True,True
MAC004262,Std,365,365,7,True,True,True
MAC004651,Std,365,365,5,True,False,True
MAC004279,Std,365,365,7,True,True,True
MAC004255,Std,365,364,7,True,True,True
MAC004609,ToU,365,365,5,True,False,True
MAC001700,ToU,0,0,6,False,False,False
MAC000451,ToU,365,363,9,True,True,True
MAC004277,Std,365,365,7,True,True,True
MAC005298,Std,365,365,10,True,True,True
MAC004683,ToU,365,365,5,True,False,True
MAC000461,ToU,365,365,9,True,True,True
MAC004675,Std,365,365,5,True,False,True
MAC004654,Std,365,365,5,True,False,True
MAC001650,ToU,365,365,7,True,True,True
MAC004354,ToU,365,365,9,True,True,True
MAC003120,ToU,365,365,7,True,True,True
MAC003272,ToU,365,365,3,True,False,False
MAC004167,Std,365,365,7,True,True,True
MAC004166,Std,365,365,7,True,True,True
MAC005366,Std,365,365,10,True,True,True
MAC000128,Std,365,365,12,True,True,True
MAC000688,ToU,365,365,8,True,True,True
MAC000074,Std,365,365,12,True,True,True
MAC000137,Std,365,365,12,True,True,True
MAC005135,Std,365,365,7,True,True,True
MAC000124,ToU,365,363,12,True,True,True
MAC004206,ToU,365,365,7,True,True,True
MAC004147,Std,365,365,7,True,True,True
MAC004322,Std,365,365,7,True,True,True
MAC003298,ToU,365,363,3,True,False,False
MAC003308,ToU,365,365,3,True,False,False
MAC001858,ToU,365,365,6,True,True,True
MAC004326,Std,365,365,9,True,True,True
MAC003331,ToU,365,365,3,True,False,False
MAC004501,Std,365,365,12,True,True,True
MAC000008,Std,303,302,7,True,True,True
MAC002476,ToU,365,365,7,True,True,True
MAC005141,Std,365,365,7,True,True,True
MAC004297,Std,365,365,7,True,True,True
MAC003145,ToU,365,365,5,True,False,True
MAC004782,Std,365,365,8,True,True,True
MAC003170,ToU,365,365,3,True,False,False
MAC003198,ToU,365,365,3,True,False,False
MAC000062,Std,365,365,12,True,True,True
MAC000093,Std,365,365,12,True,True,True
MAC000611,ToU,365,365,8,True,True,True
MAC004801,Std,365,365,8,True,True,True
MAC005164,ToU,365,365,7,True,True,True
MAC002491,ToU,365,365,5,True,False,True
MAC004807,Std,365,365,8,True,True,True
MAC003256,ToU,365,365,3,True,False,False
MAC005151,Std,365,365,7,True,True,True
MAC005143,Std,365,365,7,True,True,True
MAC000059,Std,365,365,12,True,True,True
MAC004823,Std,365,365,5,True,False,False
MAC004264,ToU,365,365,7,True,True,True
MAC000158,ToU,365,365,12,True,True,True
MAC003334,ToU,365,365,3,True,False,False
MAC001645,ToU,365,365,7,True,True,True
MAC003494,Std,365,365,2,True,False,False
MAC002388,Std,365,365,8,True,True,True
MAC002401,Std,365,365,8,True,True,True
MAC003514,Std,365,365,2,True,False,False
MAC003515,Std,365,363,2,True,False,False
MAC001088,Std,365,365,7,True,True,True
MAC001093,Std,365,365,7,True,True,True
MAC000685,Std,365,365,8,True,True,True
MAC000682,Std,365,365,8,True,True,True
MAC003527,Std,365,365,2,True,False,False
MAC003529,Std,365,365,2,True,False,False
MAC003532,Std,365,365,2,True,False,False
MAC003540,Std,365,365,2,True,False,False
MAC003091,Std,365,365,7,True,True,True
MAC003551,Std,365,365,2,True,False,False
MAC003561,Std,365,365,2,True,False,False
MAC002354,Std,365,365,8,True,True,True
MAC003567,Std,365,365,2,True,False,False
MAC003570,Std,365,365,2,True,False,False
MAC003573,Std,365,365,2,True,False,False
MAC002323,Std,365,364,8,True,True,True
MAC000638,Std,365,365,8,True,True,True
MAC002312,Std,365,364,8,True,True,True
MAC002309,Std,365,364,8,True,True,True
MAC003583,Std,365,364,2,True,False,False
MAC001076,Std,365,365,7,True,True,True
MAC002409,Std,0,0,7,False,False,False
MAC002411,Std,365,365,8,True,True,True
MAC002420,Std,365,365,8,True,True,True
MAC003432,Std,365,365,3,True,False,False
MAC002591,Std,365,365,5,True,False,True
MAC002561,Std,365,364,5,True,False,True
MAC000736,Std,365,365,8,True,True,True
MAC003438,Std,261,260,3,True,False,False
MAC002544,Std,365,365,5,True,False,True
MAC003450,Std,365,365,3,True,False,False
MAC000723,Std,365,365,8,True,True,True
MAC003453,Std,365,365,3,True,False,False
MAC003456,Std,365,365,3,True,False,False
MAC003457,Std,365,365,3,True,False,False
MAC003585,Std,365,365,2,True,False,False
MAC002526,Std,365,365,5,True,False,True
MAC002493,Std,365,365,5,True,False,True
MAC003464,Std,234,233,3,True,False,False
MAC003469,Std,365,365,3,True,False,False
MAC003473,Std,365,365,3,True,False,False
MAC003477,Std,365,365,3,True,False,False
MAC003488,Std,365,365,2,True,False,False
MAC003490,Std,365,365,2,True,False,False
MAC002437,Std,365,365,8,True,True,True
MAC000382,Std,365,365,9,True,True,True
MAC003493,Std,365,365,0,True,False,False
MAC003495,Std,365,365,2,True,False,False
MAC002515,Std,365,365,5,True,False,True
MAC001120,Std,365,365,7,True,True,True
MAC003591,Std,365,365,2,True,False,False
MAC003595,Std,365,365,2,True,False,False
MAC000578,Std,365,365,8,True,True,True
MAC002123,Std,365,365,6,True,True,True
MAC002115,Std,365,365,6,True,True,True
MAC003678,Std,365,365,2,True,False,False
MAC003685,Std,365,365,2,True,False,False
MAC003690,Std,365,365,2,True,False,False
MAC002095,Std,365,365,6,True,True,True
MAC003696,Std,365,365,1,True,False,False
MAC003697,Std,365,365,2,True,False,False
MAC003699,Std,365,365,1,True,False,False
MAC002081,Std,303,302,6,True,True,True
MAC003670,Std,365,365,2,True,False,False
MAC003701,Std,365,365,2,True,False,False
MAC002080,Std,365,365,6,True,True,True
MAC003712,Std,365,365,1,True,False,False
MAC002062,Std,365,365,6,True,True,True
MAC002051,Std,365,365,6,True,True,True
MAC003715,Std,365,365,2,True,False,False
MAC002049,Std,365,365,6,True,True,True
MAC003720,Std,287,286,2,True,False,False
MAC002048,Std,365,365,6,True,True,True
MAC003732,Std,365,365,2,True,False,False
MAC003743,Std,365,365,2,True,False,False
MAC001220,Std,365,365,7,True,True,True
MAC003702,Std,365,365,2,True,False,False
MAC003426,Std,365,364,3,True,False,False
MAC003659,Std,365,365,2,True,False,False
MAC003655,Std,365,365,2,True,False,False
MAC002279,Std,365,365,7,True,True,True
MAC003599,Std,365,364,0,True,False,False
MAC003602,Std,365,365,2,True,False,False
MAC002263,Std,365,365,8,True,True,True
MAC003610,Std,365,365,2,True,False,False
MAC003611,Std,365,365,2,True,False,False
MAC003614,Std,365,365,2,True,False,False
MAC003615,Std,365,365,2,True,False,False
MAC000614,Std,365,365,8,True,True,True
MAC002256,Std,365,365,8,True,True,True
MAC002252,Std,365,364,8,True,True,True
MAC003658,Std,365,365,2,True,False,False
MAC001150,Std,0,0,0,False,False,False
MAC001151,Std,365,365,7,True,True,True
MAC003625,Std,365,365,2,True,False,False
MAC001155,Std,285,197,4,False,False,False
MAC003633,Std,365,365,2,True,False,False
MAC003635,Std,365,364,2,True,False,False
MAC002198,Std,365,363,6,True,True,True
MAC000589,Std,365,365,8,True,True,True
MAC001171,Std,365,365,7,True,True,True
MAC000588,Std,365,365,8,True,True,True
MAC003650,Std,365,365,2,True,False,False
MAC003653,Std,365,365,2,True,False,False
MAC002239,Std,365,365,8,True,True,True
MAC003750,Std,365,365,2,True,False,False
MAC002592,Std,365,365,5,True,False,True
MAC003417,Std,365,365,3,True,False,False
MAC000907,Std,365,365,8,True,True,True
MAC000908,Std,365,365,8,True,True,True
MAC003216,Std,365,365,3,True,False,False
MAC003219,Std,365,365,3,True,False,False
MAC003222,Std,365,365,3,True,False,False
MAC000272,Std,365,365,12,True,True,True
MAC000914,Std,365,365,8,True,True,True
MAC002962,Std,365,365,6,True,True,True
MAC003236,Std,365,365,3,True,False,False
MAC003237,Std,365,365,3,True,False,False
MAC003240,Std,365,365,3,True,False,False
MAC003241,Std,365,365,3,True,False,False
MAC000927,Std,365,365,8,True,True,True
MAC002923,Std,365,365,6,True,True,True
MAC003250,Std,365,365,3,True,False,False
MAC002912,Std,365,365,5,True,False,True
MAC002908,Std,365,365,5,True,False,True
MAC000809,Std,365,365,8,True,True,True
MAC002889,Std,365,365,5,True,False,True
MAC003261,Std,365,365,3,True,False,False
MAC003264,Std,365,364,3,True,False,False
MAC000955,Std,365,365,8,True,True,True
MAC003271,Std,365,365,3,True,False,False
MAC003210,Std,365,365,3,True,False,False
MAC003208,Std,365,365,3,True,False,False
MAC002999,Std,365,365,5,True,False,False
MAC003206,Std,365,365,3,True,False,False
MAC003095,Std,365,365,7,True,True,True
MAC003081,Std,365,365,7,True,True,True
MAC003077,Std,365,365,7,True,True,True
MAC000375,Std,365,365,9,True,True,True
MAC003119,Std,365,365,7,True,True,True
MAC000844,Std,365,364,8,True,True,True
MAC003128,Std,365,365,7,True,True,True
MAC000862,Std,365,365,8,True,True,True
MAC003133,Std,365,364,7,True,True,True
MAC003142,Std,365,365,5,True,False,True
MAC003051,Std,365,365,7,True,True,True
MAC003279,Std,365,365,3,True,False,False
MAC003154,Std,365,365,5,True,False,True
MAC003171,Std,365,365,3,True,False,False
MAC000882,Std,365,365,8,True,True,True
MAC003183,Std,365,363,3,True,False,False
MAC003188,Std,365,365,3,True,False,False
MAC001444,Std,365,365,7,True,True,True
MAC003190,Std,365,365,3,True,False,False
MAC003012,Std,365,365,7,True,True,True
MAC003195,Std,365,365,3,True,False,False
MAC003002,Std,365,365,5,True,False,True
MAC003000,Std,365,365,5,True,False,True
MAC000899,Std,365,365,8,True,True,True
MAC003041,Std,365,355,7,True,True,True
MAC000294,Std,365,365,10,True,True,True
MAC003284,Std,365,365,3,True,False,False
MAC002849,Std,365,365,7,True,True,True
MAC000773,Std,365,365,8,True,True,True
MAC002721,Std,365,365,7,True,True,True
MAC003352,Std,365,364,3,True,False,False
MAC003354,Std,365,364,3,True,False,False
MAC002704,Std,365,365,7,True,True,True
MAC001009,Std,365,365,8,True,True,True
MAC003375,Std,365,365,3,True,False,False
MAC002688,Std,365,365,7,True,True,True
MAC002669,Std,365,365,7,True,True,True
MAC003382,Std,365,365,3,True,False,False
MAC002658,Std,365,364,7,True,True,True
MAC002749,Std,365,365,7,True,True,True
MAC003389,Std,365,365,3,True,False,False
MAC003395,Std,365,365,3,True,False,False
MAC002654,Std,365,365,7,True,True,True
MAC003404,Std,365,365,3,True,False,False
MAC003405,Std,365,365,3,True,False,False
MAC003406,Std,365,365,3,True,False,False
MAC002631,Std,365,365,8,True,True,True
MAC003408,Std,365,365,3,True,False,False
MAC000381,Std,365,365,9,True,True,True
MAC001044,Std,365,365,7,True,True,True
MAC002612,Std,365,365,5,True,False,True
MAC001045,Std,85,85,8,True,True,True
MAC000239,Std,365,365,12,True,True,True
MAC003421,Std,365,365,3,True,False,False
MAC002763,Std,365,365,7,True,True,True
MAC003330,Std,365,365,3,True,False,False
MAC002844,Std,188,188,7,True,True,True
MAC003292,Std,365,365,3,True,False,False
MAC000800,Std,365,365,8,True,True,True
MAC003293,Std,365,365,3,True,False,False
MAC003294,Std,365,365,3,True,False,False
MAC000966,Std,365,365,8,True,True,True
MAC000254,Std,365,364,12,True,True,True
MAC002828,Std,365,365,7,True,True,True
MAC003306,Std,365,365,3,True,False,False
MAC002822,Std,365,365,7,True,True,True
MAC003314,Std,365,364,3,True,False,False
MAC003340,Std,365,365,3,True,False,False
MAC000995,Std,365,365,8,True,True,True
MAC000251,Std,365,365,12,True,True,True
MAC003320,Std,365,365,3,True,False,False
MAC002788,Std,365,365,7,True,True,True
MAC003322,Std,365,365,3,True,False,False
MAC003323,Std,365,365,3,True,False,False
MAC003324,Std,327,326,3,True,False,False
MAC002780,Std,365,365,7,True,True,True
MAC000784,Std,365,365,8,True,True,True
MAC003327,Std,365,365,3,True,False,False
MAC002776,Std,365,365,7,True,True,True
MAC000998,Std,365,365,8,True,True,True
MAC003318,Std,365,362,3,True,False,False
MAC002020,Std,365,365,6,True,True,True
MAC003085,Std,365,364,7,True,True,True
MAC003917,Std,365,365,2,True,False,False
MAC001749,Std,365,364,7,True,True,True
MAC003815,Std,365,365,2,True,False,False
MAC001288,Std,327,326,7,True,True,True
MAC000533,Std,365,365,9,True,True,True
MAC003801,Std,365,363,2,True,False,False
MAC001719,Std,365,365,6,True,True,True
MAC003925,Std,365,365,1,True,False,False
MAC001317,Std,365,365,7,True,True,True
MAC003784,Std,365,362,2,True,False,False
MAC003926,Std,365,365,1,True,False,False
MAC000340,Std,365,365,9,True,True,True
MAC000341,Std,365,365,9,True,True,True
MAC003806,Std,365,365,2,True,False,False
MAC003930,Std,365,365,1,True,False,False
MAC003867,Std,365,365,2,True,False,False
MAC003839,Std,325,324,2,True,False,False
MAC003842,Std,365,365,2,True,False,False
MAC003855,Std,365,365,2,True,False,False
MAC003896,Std,365,365,2,True,False,False
MAC001261,Std,365,365,7,True,True,True
MAC003795,Std,365,365,2,True,False,False
MAC003873,Std,365,364,2,True,False,False
MAC003875,Std,365,365,2,True,False,False
MAC001302,Std,365,365,7,True,True,True
MAC001306,Std,365,365,7,True,True,True
MAC003878,Std,365,365,2,True,False,False
MAC003794,Std,365,365,2,True,False,False
MAC003879,Std,365,365,2,True,False,False
MAC000394,Std,365,364,9,True,True,True
MAC001295,Std,365,364,7,True,True,True
MAC002004,Std,234,233,6,True,True,True
MAC003859,Std,365,365,2,True,False,False
MAC003882,Std,365,364,2,True,False,False
MAC000547,Std,365,365,8,True,True,True
MAC000498,Std,365,365,9,True,True,True
MAC003857,Std,365,365,2,True,False,False
MAC003888,Std,365,365,2,True,False,False
MAC001356,Std,365,365,7,True,True,True
MAC000452,Std,365,365,9,True,True,True
MAC001679,Std,365,365,7,True,True,True
MAC001357,Std,365,365,7,True,True,True
MAC003833,Std,365,365,2,True,False,False
MAC001233,Std,365,365,7,True,True,True
MAC001507,Std,365,365,7,True,True,True
MAC001497,Std,365,365,7,True,True,True
MAC001494,Std,365,365,7,True,True,True
MAC003812,Std,365,365,2,True,False,False
MAC003759,Std,365,365,2,True,False,False
MAC001891,Std,365,365,6,True,True,True
MAC004048,Std,365,365,5,True,False,True
MAC001462,Std,365,365,7,True,True,True
MAC001453,Std,365,365,7,True,True,True
MAC003832,Std,365,363,2,True,False,False
MAC001991,Std,365,365,6,True,True,True
MAC001996,Std,365,365,6,True,True,True
MAC003754,Std,365,365,2,True,False,False
MAC001229,Std,0,0,6,False,False,False
MAC000405,Std,365,365,9,True,True,True
MAC003959,Std,365,365,5,True,False,True
MAC001975,Std,365,365,6,True,True,True
MAC003834,Std,365,365,2,True,False,False
MAC001408,Std,365,365,7,True,True,True
MAC003969,Std,365,365,5,True,False,True
MAC000554,Std,365,363,8,True,True,True
MAC001859,Std,365,365,6,True,True,True
MAC001618,Std,365,365,7,True,True,True
MAC003986,Std,365,365,5,True,False,True
MAC000446,Std,365,364,9,True,True,True
MAC001525,Std,365,365,7,True,True,True
MAC004002,Std,365,365,5,True,False,True
MAC001591,Std,365,365,7,True,True,True
MAC003768,Std,365,365,2,True,False,False
MAC000360,Std,365,365,9,True,True,True
MAC003809,Std,365,365,2,True,False,False
MAC001399,Std,365,365,7,True,True,True
MAC001272,Std,365,365,7,True,True,True
MAC001240,Std,365,365,7,True,True,True
MAC003866,Std,365,365,2,True,False,False
MAC003430,ToU,365,365,3,True,False,False
MAC003547,Std,365,365,2,True,False,False
MAC005450,Std,365,365,8,True,True,True
MAC001278,Std,0,0,0,False,False,False
MAC003501,Std,365,365,2,True,False,False
MAC003864,Std,365,365,2,True,False,False
MAC001875,Std,365,365,6,True,True,True
MAC001292,Std,365,365,7,True,True,True
MAC003440,Std,365,365,3,True,False,False
MAC003454,Std,365,365,3,True,False,False
MAC000854,Std,365,365,8,True,True,True
MAC001446,Std,365,365,7,True,True,True
MAC003176,Std,365,365,3,True,False,False
MAC003186,Std,365,365,3,True,False,False
MAC004960,Std,365,365,11,True,True,True
MAC000833,Std,365,365,8,True,True,True
MAC000824,Std,365,365,8,True,True,True
MAC000909,Std,365,365,8,True,True,True
MAC003248,Std,365,365,3,True,False,False
MAC001865,ToU,365,365,6,True,True,True
MAC002796,Std,322,321,0,True,False,False
MAC003915,ToU,365,365,2,True,False,False
MAC002468,Std,365,365,8,True,True,True
MAC001697,Std,365,365,7,True,True,True
MAC002745,Std,365,365,7,True,True,True
MAC003892,ToU,365,365,2,True,False,False
MAC001740,Std,365,365,7,True,True,True
MAC002714,Std,365,365,7,True,True,True
MAC004754,Std,365,365,9,True,True,True
MAC000492,Std,365,365,9,True,True,True
MAC001538,ToU,365,365,7,True,True,True
MAC002565,Std,365,365,5,True,False,True
MAC003881,Std,365,365,2,True,False,False
MAC000726,Std,365,365,8,True,True,True
MAC002540,Std,365,365,5,True,False,True
MAC003447,Std,365,365,2,True,False,False
MAC003343,Std,210,209,3,True,False,False
MAC003601,Std,365,365,2,True,False,False
MAC003425,ToU,365,365,3,True,False,False
MAC001259,Std,365,365,7,True,True,True
MAC003803,Std,365,365,2,True,False,False
MAC002197,Std,365,365,6,True,True,True
MAC000406,ToU,365,365,9,True,True,True
MAC001201,Std,58,57,7,True,True,True
MAC004344,Std,365,365,9,True,True,True
MAC003799,Std,365,365,2,True,False,False
MAC005059,ToU,365,365,7,True,True,True
MAC004397,Std,365,365,9,True,True,True
MAC003774,Std,365,365,2,True,False,False
MAC004401,Std,365,363,9,True,True,True
MAC002235,Std,365,365,8,True,True,True
MAC000885,Std,365,365,8,True,True,True
MAC003245,ToU,365,363,3,True,False,False
MAC004785,Std,365,365,8,True,True,True
MAC000027,Std,365,365,12,True,True,True
MAC003353,Std,10,9,3,True,False,False
MAC000512,ToU,119,119,9,True,True,True
MAC003356,Std,365,365,3,True,False,False
MAC003361,Std,365,365,3,True,False,False
MAC003367,Std,365,365,3,True,False,False
MAC001900,Std,365,365,6,True,True,True
MAC003025,Std,365,365,7,True,True,True
MAC003858,Std,365,365,2,True,False,False
MAC003751,Std,365,365,2,True,False,False
MAC004980,Std,365,365,11,True,True,True
MAC001688,ToU,365,365,7,True,True,True
MAC004983,Std,365,365,11,True,True,True
MAC005485,Std,365,363,8,True,True,True
MAC003507,Std,365,362,2,True,False,False
MAC000520,Std,365,365,9,True,True,True
MAC000876,Std,365,365,8,True,True,True
MAC005494,Std,141,141,8,True,True,True
MAC003344,Std,365,365,3,True,False,False
MAC002127,Std,365,364,6,True,True,True
MAC003341,Std,365,365,3,True,False,False
MAC001250,Std,365,365,7,True,True,True
MAC003846,Std,365,365,2,True,False,False
MAC004639,ToU,230,230,5,True,False,True
MAC000108,Std,365,365,12,True,True,True
MAC004596,Std,365,365,5,True,False,True
MAC004506,ToU,365,365,12,True,True,True
MAC000020,Std,365,365,12,True,True,True
MAC000620,ToU,365,365,8,True,True,True
MAC003791,Std,365,365,2,True,False,False
MAC004314,Std,365,365,7,True,True,True
MAC003180,ToU,365,364,3,True,False,False
MAC003200,Std,365,365,3,True,False,False
MAC002981,Std,365,365,6,True,True,True
MAC003214,Std,365,365,3,True,False,False
MAC005522,ToU,365,365,8,True,True,True
MAC003213,Std,365,365,3,True,False,False
MAC001172,Std,365,365,7,True,True,True
MAC001531,Std,365,365,7,True,True,True
MAC002624,Std,365,365,8,True,True,True
MAC001915,Std,365,365,6,True,True,True
MAC002610,Std,365,365,5,True,False,True
MAC001559,ToU,365,364,7,True,True,True
MAC004689,ToU,365,365,5,True,False,True
MAC003371,Std,365,365,3,True,False,False
MAC003666,ToU,365,365,2,True,False,False
MAC003446,Std,365,365,3,True,False,False
MAC003238,ToU,365,365,3,True,False,False
MAC004149,ToU,365,365,7,True,True,True
MAC005495,ToU,365,365,8,True,True,True
MAC003788,ToU,365,365,2,True,False,False
MAC003202,ToU,48,48,3,True,False,False
MAC003877,Std,365,365,2,True,False,False
MAC001820,Std,105,89,4,False,False,False
MAC000584,ToU,365,365,8,True,True,True
MAC003721,Std,365,365,2,True,False,False
MAC003151,ToU,365,365,5,True,False,True
MAC002732,ToU,365,365,7,True,True,True
MAC003383,Std,116,115,3,True,False,False
MAC001568,Std,365,365,7,True,True,True
MAC003661,ToU,365,365,2,True,False,False
MAC002868,ToU,365,338,7,True,True,True
MAC001263,Std,365,365,7,True,True,True
MAC001605,Std,365,365,7,True,True,True
MAC003410,Std,365,365,3,True,False,False
MAC003329,Std,365,365,3,True,False,False
MAC000807,Std,365,365,8,True,True,True
MAC005061,Std,86,85,7,True,True,True
MAC000793,Std,365,362,8,True,True,True
MAC005247,Std,365,365,10,True,True,True
MAC000987,Std,365,364,8,True,True,True
MAC004897,Std,365,365,11,True,True,True
MAC003739,Std,365,365,2,True,False,False
MAC000071,ToU,118,118,12,True,True,True
MAC004120,Std,365,365,7,True,True,True
MAC003568,Std,365,365,2,True,False,False
MAC005051,Std,365,364,7,True,True,True
MAC003973,ToU,365,358,5,True,False,True
MAC003309,Std,365,365,3,True,False,False
MAC001634,Std,365,351,7,True,True,True
MAC000805,ToU,365,365,8,True,True,True
MAC002303,Std,365,365,8,True,True,True
MAC003269,ToU,365,365,3,True,False,False
MAC003337,ToU,353,353,3,True,False,False
MAC000970,Std,365,365,8,True,True,True
MAC003582,Std,365,365,2,True,False,False
MAC004058,Std,365,347,5,True,False,True
MAC001369,ToU,183,183,7,True,True,True
MAC002842,Std,30,29,7,True,True,True
MAC001814,ToU,365,365,6,True,True,True
MAC003053,Std,365,365,7,True,True,True
MAC001846,Std,229,228,6,True,True,True
MAC000846,Std,365,365,8,True,True,True
MAC004903,Std,365,365,11,True,True,True
MAC000083,Std,365,365,12,True,True,True
MAC003285,ToU,317,317,3,True,False,False
MAC000668,Std,247,246,7,True,True,True
MAC005216,Std,365,365,10,True,True,True
MAC004902,Std,365,365,11,True,True,True
MAC005534,Std,365,365,8,True,True,True
MAC003778,Std,365,365,2,True,False,False
MAC002284,Std,365,365,8,True,True,True
MAC004244,Std,365,365,7,True,True,True
MAC003802,Std,365,363,2,True,False,False
MAC003461,ToU,365,365,3,True,False,False
MAC002273,Std,365,360,8,True,True,True
MAC005559,Std,0,0,0,False,False,False
MAC004901,Std,365,365,11,True,True,True
MAC001246,ToU,365,365,7,True,True,True
MAC002883,Std,365,365,6,True,True,True
MAC002657,Std,365,365,7,True,True,True
MAC001195,Std,365,365,7,True,True,True
MAC000802,Std,365,365,8,True,True,True
MAC002655,Std,365,365,7,True,True,True
MAC004742,Std,365,365,9,True,True,True
MAC003165,ToU,365,360,5,True,False,False
MAC004878,Std,365,365,11,True,True,True
MAC002843,Std,365,365,7,True,True,True
MAC002111,ToU,365,365,6,True,True,True
MAC000912,Std,343,342,8,True,True,True
MAC002637,Std,365,361,8,True,True,True
MAC000258,Std,365,365,12,True,True,True
MAC004729,Std,365,365,9,True,True,True
MAC004186,Std,365,365,7,True,True,True
MAC001578,Std,365,365,7,True,True,True
MAC004131,Std,365,365,7,True,True,True
MAC001929,Std,365,365,6,True,True,True
MAC004724,Std,365,365,9,True,True,True
MAC000255,Std,365,365,12,True,True,True
MAC000806,Std,365,365,8,True,True,True
MAC001774,Std,365,255,2,False,False,False
MAC002484,ToU,365,365,8,True,True,True
MAC005119,Std,365,365,7,True,True,True
MAC002892,Std,365,365,6,True,True,True
MAC000267,Std,365,365,12,True,True,True
MAC003990,Std,365,364,5,True,False,True
MAC001746,Std,365,365,6,True,True,True
MAC000574,Std,365,364,8,True,True,True
MAC004831,Std,365,365,8,True,True,True
MAC004787,Std,365,365,8,True,True,True
MAC000925,Std,184,183,8,True,True,True
MAC002782,Std,365,365,7,True,True,True
MAC001005,Std,86,84,8,True,True,True
MAC004792,Std,365,365,8,True,True,True
MAC000552,Std,365,364,8,True,True,True
MAC000687,ToU,365,365,8,True,True,True
MAC002085,Std,365,365,6,True,True,True
MAC005168,Std,365,365,7,True,True,True
MAC001770,ToU,365,365,6,True,True,True
MAC001681,Std,365,365,7,True,True,True
MAC000202,Std,160,160,12,True,True,True
MAC001338,Std,10,9,7,True,True,True
MAC001927,Std,365,365,6,True,True,True
MAC001923,Std,365,365,6,True,True,True
MAC000130,Std,365,365,12,True,True,True
MAC005449,ToU,365,365,8,True,True,True
MAC000440,Std,365,364,9,True,True,True
MAC001967,Std,365,365,6,True,True,True
MAC001581,Std,365,365,7,True,True,True
MAC000811,Std,365,365,8,True,True,True
MAC004853,Std,365,364,12,True,True,True
MAC002664,Std,365,365,7,True,True,True
MAC001178,Std,365,365,7,True,True,True
MAC000343,Std,365,365,9,True,True,True
MAC002961,Std,365,365,6,True,True,True
MAC000751,ToU,365,365,8,True,True,True
MAC004763,Std,365,365,9,True,True,True
MAC001666,Std,365,365,7,True,True,True
MAC002952,Std,365,304,6,False,False,False
MAC004172,Std,365,365,7,True,True,True
MAC004772,Std,365,365,9,True,True,True
MAC001397,Std,365,365,7,True,True,True
MAC000081,Std,365,365,12,True,True,True
MAC000761,Std,365,365,8,True,True,True
MAC004141,Std,365,365,7,True,True,True
MAC002742,Std,365,363,7,True,True,True
MAC000734,Std,365,365,8,True,True,True
MAC000532,Std,365,365,9,True,True,True
MAC005530,Std,365,365,8,True,True,True
MAC003048,Std,365,365,7,True,True,True
MAC003149,Std,365,365,5,True,False,True
MAC004240,Std,156,156,7,True,True,True
MAC000566,Std,365,365,8,True,True,True
MAC005518,Std,365,365,8,True,True,True
MAC000195,ToU,365,365,12,True,True,True
MAC005512,Std,365,365,8,True,True,True
MAC003162,Std,365,365,5,True,False,False
MAC001309,Std,365,365,7,True,True,True
MAC004241,Std,365,365,7,True,True,True
MAC000872,Std,365,365,8,True,True,True
MAC000013,Std,365,365,6,True,True,True
MAC002848,ToU,365,365,7,True,True,True
MAC001336,ToU,365,365,7,True,True,True
MAC000016,Std,16,15,12,True,True,True
MAC000401,ToU,365,365,9,True,True,True
MAC000623,Std,365,365,8,True,True,True
MAC000881,Std,273,273,8,True,True,True
MAC005484,Std,365,364,8,True,True,True
MAC001486,Std,365,365,7,True,True,True
MAC005476,Std,365,365,8,True,True,True
MAC001085,Std,365,365,7,True,True,True
MAC002295,Std,365,365,8,True,True,True
MAC001286,Std,365,365,7,True,True,True
MAC002373,Std,247,246,8,True,True,True
MAC004464,Std,365,365,12,True,True,True
MAC003076,Std,365,365,7,True,True,True
MAC002291,ToU,365,365,8,True,True,True
MAC002262,Std,365,365,8,True,True,True
MAC003074,Std,59,58,7,True,True,True
MAC003841,Std,365,365,2,True,False,False
MAC004077,Std,365,365,7,True,True,True
MAC002316,Std,365,365,8,True,True,True
MAC004250,Std,365,365,7,True,True,True
MAC000867,Std,365,365,8,True,True,True
MAC003144,Std,365,365,5,True,False,True
MAC000281,Std,365,365,10,True,True,True
MAC000842,Std,365,365,8,True,True,True
MAC001104,Std,365,365,7,True,True,True
MAC000660,Std,365,365,8,True,True,True
MAC001868,Std,365,364,6,True,True,True
MAC004546,Std,365,365,12,True,True,True
MAC004508,Std,365,365,12,True,True,True
MAC002368,Std,365,365,8,True,True,True
MAC000664,Std,365,365,8,True,True,True
MAC002371,Std,365,365,8,True,True,True
MAC001467,Std,365,364,7,True,True,True
MAC005016,Std,365,365,11,True,True,True
MAC000055,Std,365,365,12,True,True,True
MAC004603,Std,365,365,5,True,False,True
MAC002232,ToU,365,365,8,True,True,True
MAC001415,Std,365,365,7,True,True,True
MAC002412,Std,365,365,8,True,True,True
MAC001225,Std,365,365,7,True,True,True
MAC001054,Std,365,365,8,True,True,True
MAC001505,ToU,365,365,7,True,True,True
MAC000230,Std,365,365,12,True,True,True
MAC000621,Std,365,365,8,True,True,True
MAC000123,Std,365,365,12,True,True,True
MAC004719,ToU,365,364,9,True,True,True
MAC001888,Std,365,365,6,True,True,True
MAC000852,Std,365,365,8,True,True,True
MAC001799,Std,365,362,6,True,True,True
MAC004692,Std,365,365,5,True,False,True
MAC003764,Std,365,365,2,True,False,False
MAC000019,Std,365,365,12,True,True,True
MAC004696,Std,365,365,5,True,False,True
MAC000832,Std,365,365,8,True,True,True
MAC002996,Std,365,365,5,True,False,True
MAC000827,Std,365,365,8,True,True,True
MAC000290,ToU,365,365,10,True,True,True
MAC000858,Std,365,365,8,True,True,True
MAC005549,ToU,365,365,8,True,True,True
MAC002524,Std,365,362,5,True,False,True
MAC001065,Std,0,0,6,False,False,False
MAC000601,Std,365,365,8,True,True,True
MAC004631,Std,15,14,5,True,False,True
MAC002440,Std,365,365,8,True,True,True
MAC000720,Std,365,365,8,True,True,True
MAC001126,Std,365,365,7,True,True,True
MAC001493,Std,365,365,7,True,True,True
MAC003861,Std,365,365,2,True,False,False
MAC000924,ToU,365,365,8,True,True,True
MAC002861,ToU,365,365,7,True,True,True
MAC002467,Std,365,365,8,True,True,True
MAC001986,Std,365,365,6,True,True,True
MAC003015,Std,365,365,7,True,True,True
MAC001068,Std,365,365,7,True,True,True
MAC000537,ToU,34,34,8,True,True,True
MAC001063,Std,365,365,7,True,True,True
MAC002194,Std,365,365,6,True,True,True
MAC000582,ToU,365,365,8,True,True,True
MAC001061,Std,365,364,7,True,True,True
MAC000898,ToU,106,105,8,True,True,True
MAC000515,Std,365,365,9,True,True,True
MAC000953,Std,365,365,8,True,True,True
MAC002013,ToU,365,365,6,True,True,True
MAC005193,Std,365,365,11,True,True,True
MAC000801,ToU,365,365,8,True,True,True
MAC002041,Std,365,365,6,True,True,True
MAC000068,Std,365,364,12,True,True,True
MAC003079,Std,365,364,7,True,True,True
MAC002346,ToU,365,365,8,True,True,True
MAC002038,Std,365,365,6,True,True,True
MAC001057,ToU,365,365,7,True,True,True
MAC000865,Std,207,205,8,True,True,True
MAC003019,ToU,365,365,7,True,True,True
MAC003049,ToU,365,365,7,True,True,True
MAC001520,Std,365,365,7,True,True,True
MAC001511,Std,365,365,7,True,True,True
MAC002490,ToU,365,364,5,True,False,True
MAC000373,Std,365,365,9,True,True,True
MAC002079,Std,365,365,6,True,True,True
MAC003008,Std,365,365,7,True,True,True
MAC000893,Std,365,365,8,True,True,True
MAC001567,Std,365,365,7,True,True,True
MAC001981,Std,365,365,6,True,True,True
MAC002900,Std,365,365,6,True,True,True
MAC004234,ToU,365,365,7,True,True,True
MAC005144,Std,365,365,7,True,True,True
MAC001423,Std,365,365,7,True,True,True
MAC001588,Std,365,365,7,True,True,True
MAC001945,Std,365,365,6,True,True,True
MAC005079,Std,365,365,7,True,True,True
MAC001474,Std,365,365,7,True,True,True
MAC000117,Std,365,365,12,True,True,True
MAC001464,Std,365,365,7,True,True,True
MAC004083,ToU,149,149,7,True,True,True
MAC001939,Std,365,365,6,True,True,True
MAC005058,Std,365,365,7,True,True,True
MAC005101,Std,365,365,7,True,True,True
MAC001608,Std,365,365,7,True,True,True
MAC000354,ToU,365,365,9,True,True,True
MAC001942,ToU,365,365,6,True,True,True
MAC002386,Std,365,364,8,True,True,True
MAC005513,Std,66,65,8,True,True,True
MAC003476,ToU,365,365,3,True,False,False
MAC003505,ToU,365,365,2,True,False,False
MAC001417,ToU,365,365,7,True,True,True
MAC003525,ToU,365,365,2,True,False,False
MAC005486,Std,365,365,8,True,True,True
MAC003539,ToU,365,363,2,True,False,False
MAC005478,Std,365,365,8,True,True,True
MAC002212,Std,365,365,6,True,True,True
MAC001159,Std,365,365,7,True,True,True
MAC002414,Std,365,365,8,True,True,True
MAC000101,Std,365,365,12,True,True,True
MAC003541,ToU,365,365,2,True,False,False
MAC002423,Std,365,365,8,True,True,True
MAC002425,Std,365,363,8,True,True,True
MAC002431,Std,365,364,8,True,True,True
MAC005439,Std,365,365,8,True,True,True
MAC005436,Std,365,365,8,True,True,True
MAC001440,ToU,365,365,7,True,True,True
MAC001827,Std,365,365,6,True,True,True
MAC003649,ToU,365,364,2,True,False,False
MAC002192,Std,365,365,6,True,True,True
MAC000590,ToU,365,365,8,True,True,True
MAC002177,Std,365,361,6,True,True,True
MAC000310,Std,365,364,9,True,True,True
MAC003555,ToU,365,365,2,True,False,False
MAC003472,ToU,365,365,3,True,False,False
MAC002377,Std,365,365,8,True,True,True
MAC005548,Std,365,365,8,True,True,True
MAC001882,Std,365,365,6,True,True,True
MAC002845,ToU,365,365,7,True,True,True
MAC000395,ToU,365,365,9,True,True,True
MAC000303,ToU,365,365,9,True,True,True
MAC001127,Std,365,365,7,True,True,True
MAC003315,ToU,365,365,3,True,False,False
MAC001872,Std,365,365,6,True,True,True
MAC003338,ToU,365,365,3,True,False,False
MAC003347,ToU,65,65,3,True,False,False
MAC000187,ToU,365,365,12,True,True,True
MAC001864,Std,365,365,6,True,True,True
MAC000146,ToU,18,18,12,True,True,True
MAC002337,Std,327,326,8,True,True,True
MAC002342,Std,365,365,8,True,True,True
MAC000106,ToU,365,365,12,True,True,True
MAC001114,Std,365,365,7,True,True,True
MAC002350,Std,365,365,8,True,True,True
MAC000065,ToU,188,188,12,True,True,True
MAC003396,ToU,365,365,3,True,False,False
MAC001113,Std,365,365,7,True,True,True
MAC001112,Std,365,365,7,True,True,True
MAC000014,ToU,365,365,2,True,False,False
MAC001845,Std,365,365,6,True,True,True
MAC003265,ToU,365,365,3,True,False,False
MAC003429,ToU,365,364,3,True,False,False
MAC005561,Std,365,365,5,True,False,False
MAC002367,Std,365,365,8,True,True,True
MAC001909,Std,365,365,6,True,True,True
MAC003669,ToU,365,365,2,True,False,False
MAC002553,Std,365,365,5,True,False,True
MAC003675,ToU,365,365,2,True,False,False
MAC003848,ToU,365,365,2,True,False,False
MAC001006,Std,365,365,8,True,True,True
MAC001742,Std,365,365,6,True,True,True
MAC003862,ToU,365,365,2,True,False,False
MAC003890,ToU,365,364,2,True,False,False
MAC001183,Std,365,365,7,True,True,True
MAC000115,Std,365,365,12,True,True,True
MAC001187,Std,365,365,7,True,True,True
MAC002668,ToU,365,365,7,True,True,True
MAC003911,ToU,365,361,2,True,False,False
MAC003919,ToU,365,365,2,True,False,False
MAC000739,ToU,365,364,8,True,True,True
MAC001341,Std,365,365,7,True,True,True
MAC001677,Std,365,364,7,True,True,True
MAC001823,ToU,365,365,6,True,True,True
MAC001668,Std,365,365,7,True,True,True
MAC002806,Std,365,365,7,True,True,True
MAC000979,Std,365,365,8,True,True,True
MAC002823,Std,365,365,7,True,True,True
MAC002101,Std,365,365,6,True,True,True
MAC002097,Std,49,48,6,True,True,True
MAC002850,Std,365,365,7,True,True,True
MAC000959,Std,365,337,7,True,True,True
MAC002857,Std,365,365,7,True,True,True
MAC001373,Std,365,365,7,True,True,True
MAC002866,Std,365,364,7,True,True,True
MAC001925,ToU,365,365,6,True,True,True
MAC002706,Std,365,365,7,True,True,True
MAC002877,Std,365,362,6,True,True,True
MAC001658,ToU,365,364,7,True,True,True
MAC001324,Std,365,365,7,True,True,True
MAC001307,Std,365,365,7,True,True,True
MAC003178,ToU,365,365,3,True,False,False
MAC001512,ToU,365,365,7,True,True,True
MAC001536,ToU,365,365,7,True,True,True
MAC003175,ToU,365,365,3,True,False,False
MAC003703,ToU,336,336,2,True,False,False
MAC003705,ToU,365,365,2,True,False,False
MAC005371,Std,365,365,10,True,True,True
MAC002722,ToU,365,365,7,True,True,True
MAC003706,ToU,365,365,2,True,False,False
MAC001797,Std,365,365,6,True,True,True
MAC003728,ToU,365,365,2,True,False,False
MAC002701,ToU,365,364,7,True,True,True
MAC005357,Std,365,365,10,True,True,True
MAC001586,ToU,365,365,7,True,True,True
MAC001174,Std,365,365,7,True,True,True
MAC003738,ToU,365,364,2,True,False,False
MAC000038,Std,365,365,12,True,True,True
MAC002643,Std,365,365,7,True,True,True
MAC005338,Std,365,365,10,True,True,True
MAC001597,ToU,365,365,7,True,True,True
MAC001761,Std,365,365,7,True,True,True
MAC002151,Std,365,365,6,True,True,True
MAC001323,Std,365,365,7,True,True,True
MAC003783,ToU,365,365,2,True,False,False
MAC000680,ToU,365,365,8,True,True,True
MAC003277,ToU,365,364,3,True,False,False
MAC003816,ToU,365,365,2,True,False,False
MAC001010,Std,365,365,8,True,True,True
MAC002398,ToU,365,365,8,True,True,True
MAC003576,Std,320,320,2,True,False,False
MAC003300,Std,365,365,3,True,False,False
MAC003838,Std,365,365,2,True,False,False
MAC004626,Std,365,365,5,True,False,True
MAC003491,Std,365,365,2,True,False,False
MAC004248,Std,329,321,0,True,False,False
MAC003765,Std,365,365,2,True,False,False
MAC004847,Std,365,365,12,True,True,True
MAC005102,ToU,365,365,7,True,True,True
MAC003481,Std,72,71,3,True,False,False
MAC003310,Std,365,365,3,True,False,False
MAC003311,Std,365,365,3,True,False,False
MAC003763,Std,365,365,2,True,False,False
MAC004841,Std,365,365,8,True,True,True
MAC003972,Std,365,363,5,True,False,True
MAC003316,Std,365,365,3,True,False,False
MAC000792,Std,365,365,8,True,True,True
MAC000790,Std,365,365,8,True,True,True
MAC004224,Std,365,365,7,True,True,True
MAC003640,Std,365,365,2,True,False,False
MAC003459,Std,365,365,3,True,False,False
MAC000559,Std,365,365,8,True,True,True
MAC000712,Std,365,365,8,True,True,True
MAC003297,Std,365,365,3,True,False,False
MAC003674,Std,365,365,2,True,False,False
MAC003291,Std,365,365,3,True,False,False
MAC004113,Std,365,365,7,True,True,True
MAC000436,Std,365,365,9,True,True,True
MAC003510,Std,365,365,2,True,False,False
MAC003508,Std,365,365,2,True,False,False
MAC004589,Std,365,365,5,True,False,True
MAC004261,Std,365,365,7,True,True,True
MAC004821,ToU,365,365,8,True,True,True
MAC003253,Std,365,365,3,True,False,False
MAC003254,Std,365,365,3,True,False,False
MAC004259,Std,365,364,7,True,True,True
MAC003325,Std,365,365,0,True,False,False
MAC003258,Std,365,365,3,True,False,False
MAC003263,Std,365,365,3,True,False,False
MAC003267,Std,365,365,3,True,False,False
MAC004125,Std,365,365,7,True,True,True
MAC003270,Std,365,365,3,True,False,False
MAC000705,Std,365,362,8,True,True,True
MAC000127,Std,365,365,12,True,True,True
MAC000256,Std,365,365,12,True,True,True
MAC003836,Std,365,365,2,True,False,False
MAC003496,Std,365,363,2,True,False,False
MAC003289,Std,365,365,3,True,False,False
MAC003504,Std,365,365,2,True,False,False
MAC003326,Std,365,365,3,True,False,False
MAC000390,Std,365,365,9,True,True,True
MAC003752,Std,365,364,2,True,False,False
MAC003894,Std,365,365,2,True,False,False
MAC003660,Std,365,365,2,True,False,False
MAC003902,Std,365,364,2,True,False,False
MAC003374,Std,365,363,3,True,False,False
MAC003757,Std,365,365,2,True,False,False
MAC003424,Std,365,365,3,True,False,False
MAC004761,Std,365,365,9,True,True,True
MAC003418,Std,365,365,3,True,False,False
MAC003416,Std,365,360,3,True,False,False
MAC004160,Std,24,23,7,True,True,True
MAC003891,Std,365,360,2,True,False,False
MAC003380,Std,365,365,3,True,False,False
MAC003411,Std,365,365,3,True,False,False
MAC004721,Std,365,365,9,True,True,True
MAC000490,Std,365,365,9,True,True,True
MAC003909,Std,365,365,2,True,False,False
MAC000750,Std,365,365,8,True,True,True
MAC004177,Std,365,365,7,True,True,True
MAC003918,Std,365,365,2,True,False,False
MAC000484,Std,365,365,9,True,True,True
MAC003922,Std,365,365,2,True,False,False
MAC004169,Std,365,365,7,True,True,True
MAC003415,Std,365,365,3,True,False,False
MAC000694,Std,365,365,8,True,True,True
MAC003644,Std,365,362,2,True,False,False
MAC003435,Std,365,365,3,True,False,False
MAC004433,Std,289,288,9,True,True,True
MAC003641,Std,365,365,2,True,False,False
MAC000779,Std,365,365,8,True,True,True
MAC003455,Std,365,365,3,True,False,False
MAC000724,Std,365,365,8,True,True,True
MAC005432,ToU,365,365,8,True,True,True
MAC000731,Std,365,365,8,True,True,True
MAC003443,Std,365,365,3,True,False,False
MAC003345,Std,183,113,3,False,False,False
MAC000466,Std,365,365,9,True,True,True
MAC000592,Std,365,365,8,True,True,True
MAC004640,ToU,365,365,5,True,False,True
MAC003346,Std,0,0,2,False,False,False
MAC000245,Std,365,365,12,True,True,True
MAC003350,Std,365,365,3,True,False,False
MAC004793,Std,365,365,8,True,True,True
MAC004722,ToU,365,365,9,True,True,True
MAC003880,Std,365,365,2,True,False,False
MAC003667,Std,365,365,2,True,False,False
MAC003351,Std,365,363,3,True,False,False
MAC000763,Std,365,364,8,True,True,True
MAC003369,Std,365,362,3,True,False,False
MAC004207,Std,365,365,7,True,True,True
MAC005498,ToU,365,365,8,True,True,True
MAC003688,Std,365,365,2,True,False,False
MAC004576,Std,365,365,12,True,True,True
MAC003164,Std,365,365,5,True,False,False
MAC003574,Std,365,365,2,True,False,False
MAC000608,Std,365,365,8,True,True,True
MAC004042,Std,365,364,5,True,False,True
MAC000607,Std,66,65,8,True,True,True
MAC003172,Std,365,365,3,True,False,False
MAC003569,Std,365,365,2,True,False,False
MAC000573,Std,365,365,8,True,True,True
MAC003565,Std,365,365,2,True,False,False
MAC004036,Std,365,365,5,True,False,True
MAC005529,ToU,365,365,8,True,True,True
MAC003181,Std,365,365,3,True,False,False
MAC003785,Std,365,365,2,True,False,False
MAC003189,Std,365,365,3,True,False,False
MAC003191,Std,365,365,3,True,False,False
MAC003192,Std,365,365,3,True,False,False
MAC003629,Std,365,365,2,True,False,False
MAC004316,Std,365,363,6,True,True,True
MAC003564,Std,365,365,2,True,False,False
MAC003197,Std,70,69,3,True,False,False
MAC004532,Std,365,365,12,True,True,True
MAC004295,Std,365,365,7,True,True,True
MAC004033,Std,197,196,5,True,False,True
MAC000548,Std,365,365,8,True,True,True
MAC004994,Std,365,365,11,True,True,True
MAC000644,Std,365,365,8,True,True,True
MAC000568,Std,365,365,8,True,True,True
MAC003598,Std,365,365,2,True,False,False
MAC003090,Std,365,365,7,True,True,True
MAC003773,Std,365,365,2,True,False,False
MAC003593,Std,365,365,2,True,False,False
MAC003604,Std,365,365,2,True,False,False
MAC004490,Std,365,363,12,True,True,True
MAC003109,Std,365,365,7,True,True,True
MAC005023,ToU,365,365,11,True,True,True
MAC003127,Std,365,365,7,True,True,True
MAC000199,Std,365,365,12,True,True,True
MAC003609,Std,365,365,2,True,False,False
MAC003770,Std,115,114,2,True,False,False
MAC003612,Std,365,365,2,True,False,False
MAC004306,Std,365,365,7,True,True,True
MAC003726,Std,365,365,2,True,False,False
MAC004505,Std,365,365,12,True,True,True
MAC003727,Std,365,365,2,True,False,False
MAC004507,Std,365,365,12,True,True,True
MAC003577,Std,365,365,2,True,False,False
MAC003089,Std,365,365,7,True,True,True
MAC000629,Std,365,365,8,True,True,True
MAC000121,Std,365,364,12,True,True,True
MAC000658,Std,365,365,7,True,True,True
MAC004947,Std,365,365,11,True,True,True
MAC003193,Std,365,365,3,True,False,False
MAC000829,Std,365,365,8,True,True,True
MAC003224,Std,365,365,3,True,False,False
MAC004497,ToU,365,365,12,True,True,True
MAC000670,Std,365,365,8,True,True,True
MAC003698,Std,365,365,2,True,False,False
MAC003526,Std,365,365,2,True,False,False
MAC004566,Std,365,365,12,True,True,True
MAC003233,Std,365,365,3,True,False,False
MAC003533,Std,365,365,2,True,False,False
MAC000009,Std,365,364,3,True,False,False
MAC003692,Std,365,362,2,True,False,False
MAC004273,Std,365,365,7,True,True,True
MAC000134,Std,15,14,12,True,True,True
MAC003821,Std,343,342,2,True,False,False
MAC005157,ToU,365,365,7,True,True,True
MAC003520,Std,365,365,2,True,False,False
MAC003242,Std,365,365,3,True,False,False
MAC000428,Std,365,365,9,True,True,True
MAC003535,Std,365,365,2,True,False,False
MAC003398,Std,365,364,3,True,False,False
MAC000662,Std,365,365,8,True,True,True
MAC003793,Std,365,365,2,True,False,False
MAC003537,Std,365,365,2,True,False,False
MAC000659,Std,365,364,8,True,True,True
MAC003623,Std,365,364,2,True,False,False
MAC000493,Std,365,365,9,True,True,True
MAC002385,Std,365,365,8,True,True,True
MAC003185,ToU,365,365,3,True,False,False
MAC001955,Std,365,365,6,True,True,True
MAC001783,Std,353,352,6,True,True,True
MAC003786,Std,365,365,2,True,False,False
MAC003563,Std,365,365,2,True,False,False
MAC003590,Std,365,363,2,True,False,False
MAC001046,Std,99,98,8,True,True,True
MAC003605,ToU,365,365,2,True,False,False
MAC003608,Std,264,264,2,True,False,False
MAC003620,Std,365,365,2,True,False,False
MAC000111,Std,365,365,12,True,True,True
MAC002178,Std,365,365,6,True,True,True
MAC002223,Std,365,364,6,True,True,True
MAC003517,Std,365,363,2,True,False,False
MAC003402,Std,365,365,3,True,False,False
MAC002396,Std,365,365,8,True,True,True
MAC003523,ToU,365,365,2,True,False,False
MAC005501,Std,365,365,8,True,True,True
MAC003468,Std,365,364,3,True,False,False
MAC003401,Std,365,365,3,True,False,False
MAC002362,Std,365,365,8,True,True,True
MAC003518,Std,365,365,2,True,False,False
MAC002833,ToU,365,363,7,True,True,True
MAC001874,Std,365,365,6,True,True,True
MAC002288,Std,365,365,8,True,True,True
MAC003887,Std,365,365,2,True,False,False
MAC000667,Std,365,365,8,True,True,True
MAC001892,Std,365,365,6,True,True,True
MAC003560,ToU,365,365,2,True,False,False
MAC001059,Std,365,365,7,True,True,True
MAC003458,Std,365,365,3,True,False,False
MAC001095,Std,365,365,7,True,True,True
MAC004524,Std,365,365,12,True,True,True
MAC003448,Std,365,365,3,True,False,False
MAC003497,Std,229,228,2,True,False,False
MAC003624,Std,365,365,2,True,False,False
MAC003498,Std,365,365,2,True,False,False
MAC003550,ToU,365,365,2,True,False,False
MAC003545,ToU,365,365,2,True,False,False
MAC002195,Std,365,363,6,True,True,True
MAC004795,ToU,365,365,8,True,True,True
MAC000142,Std,47,47,12,True,True,True
MAC003575,Std,365,365,2,True,False,False
MAC000674,Std,365,365,8,True,True,True
MAC003622,Std,365,365,2,True,False,False
MAC003618,Std,365,365,2,True,False,False
MAC005472,Std,365,365,8,True,True,True
MAC001804,Std,365,365,6,True,True,True
MAC005475,Std,365,365,8,True,True,True
MAC003543,Std,365,365,2,True,False,False
MAC003471,ToU,365,365,3,True,False,False
MAC003399,ToU,365,365,3,True,False,False
MAC002926,ToU,214,214,5,True,False,True
MAC003500,Std,365,365,2,True,False,False
MAC003360,ToU,365,364,3,True,False,False
MAC001947,Std,365,365,6,True,True,True
MAC004776,Std,365,365,9,True,True,True
MAC002991,Std,365,365,5,True,False,True
MAC003143,Std,365,365,5,True,False,True
MAC003280,Std,365,365,3,True,False,False
MAC005303,Std,365,365,10,True,True,True
MAC004365,Std,365,364,9,True,True,True
MAC000477,Std,365,365,9,True,True,True
MAC003829,ToU,365,365,2,True,False,False
MAC004043,Std,365,365,5,True,False,True
MAC001611,Std,365,365,7,True,True,True
MAC003226,Std,365,365,3,True,False,False
MAC003961,Std,365,365,5,True,False,True
MAC003030,Std,365,365,7,True,True,True
MAC002021,Std,365,365,6,True,True,True
MAC003869,ToU,365,365,2,True,False,False
MAC001619,Std,365,365,7,True,True,True
MAC003749,Std,365,364,2,True,False,False
MAC003251,Std,365,365,3,True,False,False
MAC002760,Std,365,365,7,True,True,True
MAC003179,Std,365,365,3,True,False,False
MAC001355,Std,365,365,7,True,True,True
MAC000923,Std,365,347,7,True,True,True
MAC003199,Std,365,365,3,True,False,False
MAC003194,Std,365,365,3,True,False,False
MAC005434,ToU,365,365,8,True,True,True
MAC002768,Std,365,365,7,True,True,True
MAC004372,Std,365,365,9,True,True,True
MAC001339,Std,365,365,7,True,True,True
MAC003139,Std,365,364,5,True,False,True
MAC003673,Std,365,365,2,True,False,False
MAC002272,Std,365,365,8,True,True,True
MAC003303,Std,365,365,3,True,False,False
MAC002000,Std,365,365,6,True,True,True
MAC001388,Std,365,365,7,True,True,True
MAC003769,ToU,365,364,2,True,False,False
MAC003104,Std,365,364,7,True,True,True
MAC003107,Std,365,365,7,True,True,True
MAC001392,Std,365,365,7,True,True,True
MAC001456,Std,204,203,7,True,True,True
MAC000911,Std,365,364,8,True,True,True
MAC001604,Std,365,365,7,True,True,True
MAC001550,Std,365,365,7,True,True,True
MAC003386,Std,365,365,3,True,False,False
MAC002913,Std,365,365,6,True,True,True
MAC003129,Std,365,365,7,True,True,True
MAC001732,Std,365,365,7,True,True,True
MAC001192,Std,365,365,7,True,True,True
MAC001472,Std,365,365,7,True,True,True
MAC001476,Std,189,188,7,True,True,True
MAC000114,Std,30,29,12,True,True,True
MAC003377,Std,365,365,3,True,False,False
MAC001185,Std,365,365,7,True,True,True
MAC002985,ToU,365,363,6,True,True,True
MAC005312,Std,365,365,10,True,True,True
MAC004865,Std,365,365,12,True,True,True
MAC003227,Std,365,365,3,True,False,False
MAC003467,ToU,365,365,3,True,False,False
MAC005540,Std,365,365,8,True,True,True
MAC004493,ToU,365,364,12,True,True,True
MAC000483,Std,365,365,9,True,True,True
MAC003232,Std,365,365,3,True,False,False
MAC002903,Std,365,364,6,True,True,True
MAC003513,ToU,365,365,2,True,False,False
MAC001593,Std,365,365,7,True,True,True
MAC003249,Std,365,365,3,True,False,False
MAC003243,Std,365,365,3,True,False,False
MAC003824,Std,365,365,2,True,False,False
MAC005511,Std,365,365,8,True,True,True
MAC005166,Std,365,365,7,True,True,True
MAC002975,Std,365,365,6,True,True,True
MAC002216,Std,365,365,6,True,True,True
MAC004103,Std,365,365,7,True,True,True
MAC001285,ToU,365,365,7,True,True,True
MAC000818,Std,365,365,8,True,True,True
MAC003628,Std,365,365,2,True,False,False
MAC001034,ToU,365,365,8,True,True,True
MAC002488,ToU,365,365,5,True,False,True
MAC005510,ToU,103,102,0,True,False,False
MAC001555,Std,365,365,7,True,True,True
MAC005544,Std,365,365,8,True,True,True
MAC003203,Std,365,358,3,True,False,False
MAC003798,Std,365,365,2,True,False,False
MAC003781,Std,365,365,2,True,False,False
MAC003167,Std,157,156,5,True,False,False
MAC004309,ToU,365,363,7,True,True,True
MAC001205,Std,365,365,7,True,True,True
MAC001119,Std,365,365,7,True,True,True
MAC001485,Std,365,365,7,True,True,True
MAC002242,ToU,365,365,8,True,True,True
MAC002076,Std,365,365,6,True,True,True
MAC001484,Std,365,365,7,True,True,True
MAC005054,Std,365,364,7,True,True,True
MAC004359,Std,365,365,9,True,True,True
MAC000860,Std,365,364,8,True,True,True
MAC001244,Std,365,365,7,True,True,True
MAC000410,Std,0,0,5,False,False,False
MAC005046,Std,365,365,11,True,True,True
MAC003112,Std,365,365,7,True,True,True
MAC001932,Std,365,365,6,True,True,True
MAC004057,Std,365,365,5,True,False,True
MAC003086,Std,365,365,7,True,True,True
MAC003704,Std,365,365,2,True,False,False
MAC003217,Std,365,365,3,True,False,False
MAC000107,ToU,365,365,12,True,True,True
MAC003026,Std,365,365,7,True,True,True
MAC001551,Std,365,365,7,True,True,True
MAC003215,Std,365,359,3,True,False,False
MAC002369,Std,365,365,8,True,True,True
MAC002147,ToU,365,365,6,True,True,True
MAC001409,Std,365,362,7,True,True,True
MAC004286,Std,365,364,7,True,True,True
MAC005125,Std,365,365,7,True,True,True
MAC003209,Std,365,365,3,True,False,False
MAC004952,ToU,365,365,11,True,True,True
MAC003549,Std,365,365,2,True,False,False
MAC000100,Std,365,365,12,True,True,True
MAC000011,Std,365,365,2,True,False,False
MAC003205,Std,365,365,3,True,False,False
MAC000046,ToU,365,365,12,True,True,True
MAC000067,Std,365,365,12,True,True,True
MAC000913,ToU,365,365,8,True,True,True
MAC001524,Std,365,365,7,True,True,True
MAC005096,Std,365,365,7,True,True,True
MAC000433,ToU,365,365,9,True,True,True
MAC003177,Std,365,365,3,True,False,False
MAC005085,ToU,365,365,7,True,True,True
MAC001607,Std,365,365,7,True,True,True
MAC004265,Std,365,364,7,True,True,True
MAC001340,Std,365,365,7,True,True,True
MAC003437,Std,365,365,3,True,False,False
MAC001816,Std,365,365,6,True,True,True
MAC002739,Std,365,365,7,True,True,True
MAC001675,Std,365,365,7,True,True,True
MAC001480,ToU,365,365,7,True,True,True
MAC001671,Std,94,93,7,True,True,True
MAC001212,Std,365,365,7,True,True,True
MAC002954,ToU,365,365,5,True,False,True
MAC002758,ToU,365,365,7,True,True,True
MAC002766,Std,365,365,7,True,True,True
MAC004662,Std,365,365,5,True,False,True
MAC004407,Std,365,365,9,True,True,True
MAC005409,Std,365,365,10,True,True,True
MAC004810,Std,365,240,6,False,False,False
MAC002778,Std,302,301,7,True,True,True
MAC002039,ToU,365,365,6,True,True,True
MAC002785,Std,365,365,7,True,True,True
MAC003939,Std,365,365,5,True,False,True
MAC004200,Std,365,365,7,True,True,True
MAC000581,Std,365,365,8,True,True,True
MAC001796,Std,365,365,6,True,True,True
MAC003923,Std,365,365,2,True,False,False
MAC001026,Std,365,365,8,True,True,True
MAC001326,Std,365,365,7,True,True,True
MAC003651,Std,365,365,2,True,False,False
MAC003397,Std,365,365,3,True,False,False
MAC003913,Std,132,131,2,True,False,False
MAC004164,Std,365,365,7,True,True,True
MAC003647,Std,365,365,2,True,False,False
MAC003384,Std,365,365,3,True,False,False
MAC004717,Std,365,364,9,True,True,True
MAC003927,Std,365,365,1,True,False,False
MAC003381,Std,365,365,3,True,False,False
MAC003412,Std,365,365,3,True,False,False
MAC003413,Std,365,365,3,True,False,False
MAC001017,Std,365,365,8,True,True,True
MAC004414,Std,365,365,9,True,True,True
MAC003420,Std,365,365,3,True,False,False
MAC002703,Std,365,365,7,True,True,True
MAC001683,Std,365,365,7,True,True,True
MAC001435,ToU,365,365,7,True,True,True
MAC001982,Std,365,364,6,True,True,True
MAC001643,Std,365,365,7,True,True,True
MAC001727,Std,365,365,6,True,True,True
MAC000938,ToU,365,365,7,True,True,True
MAC003837,Std,365,365,2,True,False,False
MAC003492,Std,365,365,2,True,False,False
MAC004256,Std,365,365,7,True,True,True
MAC001993,ToU,365,365,6,True,True,True
MAC003850,Std,365,365,2,True,False,False
MAC002031,Std,239,238,6,True,True,True
MAC002871,Std,365,365,7,True,True,True
MAC003282,Std,365,365,3,True,False,False
MAC005461,Std,365,365,8,True,True,True
MAC002415,Std,365,365,8,True,True,True
MAC001273,Std,365,365,7,True,True,True
MAC000707,Std,365,358,8,True,True,True
MAC001380,Std,365,365,7,True,True,True
MAC001364,ToU,365,365,7,True,True,True
MAC001866,Std,365,365,6,True,True,True
MAC003544,ToU,365,363,2,True,False,False
MAC004630,Std,365,365,5,True,False,True
MAC001621,Std,365,365,7,True,True,True
MAC003835,Std,365,365,2,True,False,False
MAC000930,Std,365,365,8,True,True,True
MAC003479,Std,338,338,3,True,False,False
MAC004128,Std,365,365,7,True,True,True
MAC001977,Std,365,365,6,True,True,True
MAC004842,Std,365,364,8,True,True,True
MAC002459,Std,365,365,8,True,True,True
MAC002816,Std,365,365,7,True,True,True
MAC003466,Std,365,364,3,True,False,False
MAC003588,ToU,365,365,2,True,False,False
MAC003671,Std,365,365,2,True,False,False
MAC001627,Std,365,365,7,True,True,True
MAC002450,Std,365,365,8,True,True,True
MAC002456,Std,365,365,8,True,True,True
MAC003976,Std,365,365,5,True,False,True
MAC003756,Std,365,365,2,True,False,False
MAC002105,Std,107,106,6,True,True,True
MAC002103,Std,365,364,6,True,True,True
MAC002208,Std,365,365,6,True,True,True
MAC002269,Std,365,365,8,True,True,True
MAC002059,Std,365,365,6,True,True,True
MAC003631,Std,365,365,2,True,False,False
MAC003654,Std,365,365,2,True,False,False
MAC003691,Std,365,365,2,True,False,False
MAC002910,ToU,365,365,6,True,True,True
MAC003694,Std,365,364,2,True,False,False
MAC005124,ToU,365,365,7,True,True,True
MAC001167,Std,365,365,7,True,True,True
MAC003744,Std,365,364,2,True,False,False
MAC004329,Std,365,365,9,True,True,True
MAC003742,Std,365,365,2,True,False,False
MAC003636,Std,365,365,2,True,False,False
MAC003268,ToU,365,363,3,True,False,False
MAC000604,Std,365,365,8,True,True,True
MAC003730,Std,365,365,2,True,False,False
MAC000976,ToU,365,365,8,True,True,True
MAC004376,Std,365,365,9,True,True,True
MAC005148,ToU,365,365,7,True,True,True
MAC003632,Std,365,363,2,True,False,False
MAC000587,ToU,365,365,8,True,True,True
MAC000171,Std,365,365,12,True,True,True
MAC003772,Std,365,365,2,True,False,False
MAC003296,Std,365,364,3,True,False,False
MAC003301,Std,365,365,3,True,False,False
MAC003988,ToU,365,365,5,True,False,True
MAC001639,Std,365,365,7,True,True,True
MAC000786,Std,365,365,8,True,True,True
MAC002770,Std,365,365,7,True,True,True
MAC002734,Std,365,364,7,True,True,True
MAC000474,Std,365,365,9,True,True,True
MAC003373,Std,365,365,3,True,False,False
MAC003929,Std,365,365,1,True,False,False
MAC000757,Std,365,365,8,True,True,True
MAC003376,Std,365,365,3,True,False,False
MAC004479,Std,365,314,12,False,False,False
MAC001762,Std,327,326,6,True,True,True
MAC001775,Std,365,364,6,True,True,True
MAC000491,Std,66,65,9,True,True,True
MAC003433,Std,365,365,3,True,False,False
MAC004021,ToU,365,365,5,True,False,True
MAC003883,Std,365,364,2,True,False,False
MAC004873,Std,323,321,12,True,True,True
MAC002893,Std,365,365,5,True,False,True
MAC005049,Std,365,365,7,True,True,True
MAC001468,Std,365,365,7,True,True,True
MAC003136,Std,365,365,5,True,False,True
MAC003062,Std,365,365,7,True,True,True
MAC004085,Std,365,365,7,True,True,True
MAC005089,Std,365,365,7,True,True,True
MAC001530,Std,365,365,7,True,True,True
MAC002167,ToU,365,365,6,True,True,True
MAC002463,ToU,365,365,8,True,True,True
MAC003207,Std,52,51,3,True,False,False
MAC005140,Std,365,365,7,True,True,True
MAC000427,Std,365,365,9,True,True,True
MAC005153,Std,365,365,7,True,True,True
MAC004017,Std,365,365,5,True,False,True
MAC004011,Std,365,365,5,True,False,True
MAC004076,ToU,365,365,7,True,True,True
MAC000929,Std,365,358,8,True,True,True
MAC002870,Std,365,364,7,True,True,True
MAC002547,Std,365,365,5,True,False,True
MAC004165,Std,365,365,7,True,True,True
MAC000514,Std,365,342,9,True,True,True
MAC003379,ToU,365,365,3,True,False,False
MAC000363,Std,365,365,9,True,True,True
MAC002299,Std,365,365,8,True,True,True
MAC002387,Std,365,365,8,True,True,True
MAC005520,Std,365,365,8,True,True,True
MAC001887,Std,10,9,6,True,True,True
MAC000213,Std,365,365,12,True,True,True
MAC003516,Std,365,365,2,True,False,False
MAC001834,Std,365,365,6,True,True,True
MAC001133,ToU,365,365,7,True,True,True
MAC003578,Std,365,363,2,True,False,False
MAC003797,Std,365,365,2,True,False,False
MAC003779,Std,365,365,2,True,False,False
MAC003390,ToU,365,365,3,True,False,False
MAC000656,Std,365,364,8,True,True,True
MAC002339,Std,365,365,8,True,True,True
MAC003542,Std,365,365,2,True,False,False
MAC005483,Std,343,342,8,True,True,True
MAC000626,Std,365,364,8,True,True,True
MAC002410,Std,365,363,8,True,True,True
MAC000528,Std,365,256,4,False,False,False
MAC004243,Std,365,365,6,True,True,True
MAC003321,ToU,365,365,3,True,False,False
MAC002406,Std,365,364,8,True,True,True
MAC001937,Std,365,365,6,True,True,True
MAC001930,Std,365,365,6,True,True,True
MAC001291,Std,365,365,7,True,True,True
MAC002462,Std,52,51,8,True,True,True
MAC002516,Std,365,365,5,True,False,True
MAC003484,Std,178,177,3,True,False,False
MAC000266,ToU,365,365,12,True,True,True
MAC001850,Std,365,365,6,True,True,True
MAC002453,Std,365,365,8,True,True,True
MAC003462,Std,365,365,3,True,False,False
MAC002418,ToU,365,365,8,True,True,True
MAC000350,Std,365,365,9,True,True,True
MAC000003,Std,365,365,10,True,True,True
MAC004047,Std,228,227,5,True,False,True
MAC004027,Std,365,365,5,True,False,True
MAC002043,Std,365,365,6,True,True,True
MAC002452,ToU,365,365,8,True,True,True
MAC004086,Std,365,365,7,True,True,True
MAC002457,ToU,365,365,8,True,True,True
MAC002992,ToU,260,260,5,True,False,True
MAC001267,Std,365,364,7,True,True,True
MAC001165,ToU,365,365,7,True,True,True
MAC004199,Std,365,365,7,True,True,True
MAC003886,Std,365,365,2,True,False,False
MAC004190,Std,365,365,7,True,True,True
MAC000337,Std,365,365,9,True,True,True
MAC000481,Std,365,365,9,True,True,True
MAC002673,ToU,365,365,7,True,True,True
MAC000999,ToU,365,365,8,True,True,True
MAC002634,ToU,119,119,8,True,True,True
MAC001349,Std,365,364,7,True,True,True
MAC003948,Std,365,364,5,True,False,True
MAC001883,Std,365,365,6,True,True,True
MAC001362,Std,365,364,7,True,True,True
MAC001379,Std,365,365,7,True,True,True
MAC005473,ToU,365,365,8,True,True,True
MAC001254,ToU,365,365,7,True,True,True
MAC003995,Std,365,364,5,True,False,True
MAC000937,ToU,365,365,8,True,True,True
MAC001385,Std,365,365,7,True,True,True
MAC000555,Std,365,365,8,True,True,True
MAC002886,ToU,365,365,5,True,False,True
MAC000570,Std,365,365,8,True,True,True
MAC003087,Std,365,365,7,True,True,True
MAC004931,Std,365,364,11,True,True,True
MAC005398,Std,365,365,10,True,True,True
MAC002938,Std,365,365,5,True,False,True
MAC002940,Std,365,365,5,True,False,True
MAC000649,Std,365,365,8,True,True,True
MAC005397,Std,365,365,10,True,True,True
MAC000645,Std,365,365,8,True,True,True
MAC000029,Std,365,364,12,True,True,True
MAC002304,Std,365,365,8,True,True,True
MAC000919,Std,365,365,8,True,True,True
MAC002979,Std,365,365,5,True,False,True
MAC002986,Std,365,365,6,True,True,True
MAC005388,Std,365,364,10,True,True,True
MAC005128,Std,365,365,7,True,True,True
MAC002429,Std,365,365,8,True,True,True
MAC005386,Std,365,365,10,True,True,True
MAC005385,Std,365,365,10,True,True,True
MAC000383,ToU,365,365,9,True,True,True
MAC003616,Std,365,365,2,True,False,False
MAC004804,Std,365,365,8,True,True,True
MAC002356,Std,365,365,8,True,True,True
MAC004100,ToU,365,365,7,True,True,True
MAC002933,Std,365,365,5,True,False,True
MAC005560,Std,0,0,0,False,False,False
MAC004001,ToU,365,364,5,True,False,True
MAC001072,Std,365,365,7,True,True,True
MAC004008,ToU,365,365,5,True,False,True
MAC002830,Std,365,365,7,True,True,True
MAC002863,Std,365,365,7,True,True,True
MAC005422,Std,365,365,10,True,True,True
MAC004559,ToU,365,365,12,True,True,True
MAC002902,Std,365,365,6,True,True,True
MAC001058,Std,365,365,7,True,True,True
MAC004951,Std,365,365,11,True,True,True
MAC004896,Std,365,289,11,False,False,False
MAC005525,Std,365,365,8,True,True,True
MAC003246,Std,162,161,3,True,False,False
MAC005546,Std,365,365,8,True,True,True
MAC005402,Std,365,365,10,True,True,True
MAC001101,Std,365,365,7,True,True,True
MAC004550,Std,365,364,12,True,True,True
MAC004547,Std,365,365,12,True,True,True
MAC004620,ToU,365,365,5,True,False,True
MAC002366,Std,365,365,8,True,True,True
MAC002801,Std,123,121,7,True,True,True
MAC005272,Std,365,365,10,True,True,True
MAC002435,Std,365,365,8,True,True,True
MAC000025,Std,365,365,12,True,True,True
MAC002671,Std,365,363,7,True,True,True
MAC005344,Std,365,365,10,True,True,True
MAC002696,Std,365,365,7,True,True,True
MAC005345,Std,365,365,10,True,True,True
MAC005348,Std,365,365,10,True,True,True
MAC005350,Std,365,365,10,True,True,True
MAC002762,Std,365,363,7,True,True,True
MAC003700,Std,365,365,2,True,False,False
MAC005010,Std,365,365,11,True,True,True
MAC000869,Std,365,365,8,True,True,True
MAC001177,Std,365,364,5,True,False,True
MAC005289,Std,365,365,10,True,True,True
MAC005340,Std,365,365,10,True,True,True
MAC000617,ToU,365,365,8,True,True,True
MAC000283,Std,365,365,10,True,True,True
MAC000873,Std,365,365,8,True,True,True
MAC005335,Std,365,364,10,True,True,True
MAC005121,ToU,365,365,7,True,True,True
MAC004283,ToU,365,365,7,True,True,True
MAC005376,Std,365,365,10,True,True,True
MAC000565,ToU,365,365,8,True,True,True
MAC000597,Std,365,359,5,True,False,True
MAC005377,Std,365,365,10,True,True,True
MAC002580,Std,365,365,5,True,False,True
MAC002661,Std,365,365,7,True,True,True
MAC002065,Std,365,365,6,True,True,True
MAC005337,Std,365,365,10,True,True,True
MAC002579,Std,365,365,5,True,False,True
MAC002665,ToU,365,365,7,True,True,True
MAC000752,Std,365,365,8,True,True,True
MAC000967,Std,365,363,8,True,True,True
MAC005368,ToU,365,365,10,True,True,True
MAC001365,Std,365,365,7,True,True,True
MAC000978,Std,157,156,8,True,True,True
MAC005465,ToU,365,365,8,True,True,True
MAC003982,ToU,365,364,5,True,False,True
MAC001375,Std,365,365,7,True,True,True
MAC000971,Std,365,364,8,True,True,True
MAC000981,Std,365,365,8,True,True,True
MAC000449,Std,365,365,9,True,True,True
MAC002618,ToU,365,364,7,True,True,True
MAC000796,Std,365,364,8,True,True,True
MAC001345,Std,365,364,7,True,True,True
MAC001342,Std,327,327,7,True,True,True
MAC000460,Std,304,303,9,True,True,True
MAC000032,Std,365,365,12,True,True,True
MAC000457,Std,365,364,9,True,True,True
MAC001002,Std,365,365,8,True,True,True
MAC001346,Std,365,365,7,True,True,True
MAC001003,Std,365,365,8,True,True,True
MAC000989,Std,365,364,8,True,True,True
MAC000471,Std,365,365,9,True,True,True
MAC000472,Std,365,365,9,True,True,True
MAC000771,Std,365,365,8,True,True,True
MAC000781,Std,365,365,8,True,True,True
MAC001007,Std,365,365,8,True,True,True
MAC000760,Std,365,365,8,True,True,True
MAC001008,Std,365,365,8,True,True,True
MAC000758,Std,319,318,8,True,True,True
MAC000997,Std,365,365,8,True,True,True
MAC005401,ToU,365,365,10,True,True,True
MAC003037,ToU,365,365,7,True,True,True
MAC000022,Std,365,365,12,True,True,True
MAC000963,Std,365,363,8,True,True,True
MAC004246,ToU,365,365,7,True,True,True
MAC000889,Std,365,365,8,True,True,True
MAC005524,ToU,365,365,8,True,True,True
MAC000836,Std,365,365,8,True,True,True
MAC002448,ToU,365,364,8,True,True,True
MAC001418,Std,261,260,7,True,True,True
MAC000425,Std,365,365,9,True,True,True
MAC000838,Std,365,365,8,True,True,True
MAC002445,ToU,365,365,8,True,True,True
MAC000870,Std,365,365,8,True,True,True
MAC000839,Std,365,365,8,True,True,True
MAC000423,Std,365,365,9,True,True,True
MAC004331,ToU,365,365,9,True,True,True
MAC004422,ToU,365,365,9,True,True,True
MAC002439,ToU,365,365,8,True,True,True
MAC004419,ToU,365,365,9,True,True,True
MAC000843,Std,365,365,8,True,True,True
MAC004350,ToU,365,364,9,True,True,True
MAC000417,Std,365,365,9,True,True,True
MAC000416,Std,365,365,9,True,True,True
MAC000412,Std,365,365,9,True,True,True
MAC001426,Std,365,365,7,True,True,True
MAC001428,Std,365,365,7,True,True,True
MAC001439,Std,365,365,7,True,True,True
MAC004381,ToU,365,365,9,True,True,True
MAC001441,Std,365,363,7,True,True,True
MAC000853,Std,365,365,8,True,True,True
MAC004366,ToU,365,365,9,True,True,True
MAC005557,ToU,365,365,3,True,False,False
MAC000890,Std,365,365,8,True,True,True
MAC002566,ToU,365,363,5,True,False,True
MAC004236,ToU,365,365,7,True,True,True
MAC000894,Std,365,364,8,True,True,True
MAC004568,ToU,62,62,12,True,True,True
MAC000954,Std,365,365,8,True,True,True
MAC001381,Std,365,341,7,True,True,True
MAC005474,ToU,365,365,8,True,True,True
MAC000952,Std,365,365,7,True,True,True
MAC000949,Std,365,364,8,True,True,True
MAC000947,Std,365,365,8,True,True,True
MAC000928,Std,365,365,8,True,True,True
MAC001389,Std,365,365,7,True,True,True
MAC004065,ToU,365,365,7,True,True,True
MAC001394,Std,185,184,7,True,True,True
MAC004066,ToU,365,365,7,True,True,True
MAC001018,Std,365,365,8,True,True,True
MAC000006,Std,365,365,11,True,True,True
MAC000435,Std,365,365,9,True,True,True
MAC000434,Std,365,365,9,True,True,True
MAC001398,Std,344,343,7,True,True,True
MAC000430,Std,365,353,8,True,True,True
MAC000926,Std,365,365,8,True,True,True
MAC001400,Std,365,365,7,True,True,True
MAC000921,Std,365,365,8,True,True,True
MAC001406,Std,365,365,7,True,True,True
MAC002473,ToU,189,188,8,True,True,True
MAC000915,Std,365,365,8,True,True,True
MAC002472,ToU,365,365,8,True,True,True
MAC002464,ToU,365,365,8,True,True,True
MAC000820,Std,365,365,8,True,True,True
MAC000906,Std,365,365,8,True,True,True
MAC005516,ToU,365,362,8,True,True,True
MAC004231,ToU,365,365,7,True,True,True
MAC001020,Std,365,365,8,True,True,True
MAC001316,Std,365,365,7,True,True,True
MAC001331,Std,365,365,7,True,True,True
MAC005080,ToU,365,365,7,True,True,True
MAC001234,Std,365,365,7,True,True,True
MAC001237,Std,365,365,7,True,True,True
MAC005076,ToU,365,365,7,True,True,True
MAC001146,Std,365,365,7,True,True,True
MAC001238,Std,365,365,7,True,True,True
MAC000365,Std,365,364,9,True,True,True
MAC001137,Std,365,365,7,True,True,True
MAC000615,Std,365,365,8,True,True,True
MAC001131,Std,365,365,7,True,True,True
MAC000616,Std,365,363,8,True,True,True
MAC001128,Std,365,365,7,True,True,True
MAC000622,Std,365,362,8,True,True,True
MAC001243,Std,365,361,7,True,True,True
MAC005022,ToU,365,362,11,True,True,True
MAC001122,Std,229,228,7,True,True,True
MAC001247,Std,365,365,7,True,True,True
MAC000627,Std,365,365,8,True,True,True
MAC004979,ToU,365,365,11,True,True,True
MAC000056,Std,365,365,12,True,True,True
MAC000364,Std,365,365,9,True,True,True
MAC000054,Std,365,365,12,True,True,True
MAC001257,Std,365,365,7,True,True,True
MAC000657,Std,365,365,8,True,True,True
MAC001106,Std,365,365,7,True,True,True
MAC000391,Std,365,365,9,True,True,True
MAC000543,Std,365,365,8,True,True,True
MAC001266,Std,365,365,7,True,True,True
MAC005240,ToU,365,365,10,True,True,True
MAC001153,Std,365,365,7,True,True,True
MAC000599,Std,365,363,8,True,True,True
MAC001162,Std,365,365,7,True,True,True
MAC000061,Std,365,365,12,True,True,True
MAC002997,ToU,365,365,5,True,False,True
MAC001207,Std,184,183,7,True,True,True
MAC003045,ToU,365,365,7,True,True,True
MAC003047,ToU,365,365,7,True,True,True
MAC001218,Std,365,365,7,True,True,True
MAC000571,Std,365,365,8,True,True,True
MAC001204,Std,365,365,7,True,True,True
MAC000560,Std,365,364,8,True,True,True
MAC001193,Std,365,365,7,True,True,True
MAC003088,ToU,365,365,7,True,True,True
MAC003097,ToU,365,365,7,True,True,True
MAC000575,Std,365,365,8,True,True,True
MAC003099,ToU,365,365,7,True,True,True
MAC003102,ToU,206,205,7,True,True,True
MAC001100,Std,365,365,7,True,True,True
MAC000576,Std,365,365,8,True,True,True
MAC001226,Std,365,365,7,True,True,True
MAC002970,ToU,365,365,6,True,True,True
MAC002963,ToU,365,365,5,True,False,True
MAC001188,Std,365,365,7,True,True,True
MAC000579,Std,365,365,8,True,True,True
MAC000558,Std,365,363,8,True,True,True
MAC000580,Std,365,365,8,True,True,True
MAC003155,ToU,181,181,0,True,False,False
MAC001176,Std,365,365,7,True,True,True
MAC000585,Std,365,364,8,True,True,True
MAC001230,Std,365,365,7,True,True,True
MAC001231,Std,78,77,7,True,True,True
MAC001168,Std,365,365,7,True,True,True
MAC000556,Std,365,365,8,True,True,True
MAC001190,Std,365,365,7,True,True,True
MAC000542,Std,365,365,8,True,True,True
MAC004883,ToU,135,135,11,True,True,True
MAC001094,Std,365,365,7,True,True,True
MAC000511,Std,365,364,9,True,True,True
MAC000510,Std,365,365,9,True,True,True
MAC000735,Std,109,108,8,True,True,True
MAC002728,ToU,365,365,7,True,True,True
MAC000740,Std,365,365,8,True,True,True
MAC001051,Std,127,126,8,True,True,True
MAC000507,Std,365,365,9,True,True,True
MAC001050,Std,365,365,7,True,True,True
MAC001049,Std,365,363,8,True,True,True
MAC001048,Std,365,365,7,True,True,True
MAC001047,Std,365,365,8,True,True,True
MAC000362,Std,365,365,9,True,True,True
MAC002710,ToU,365,363,7,True,True,True
MAC000743,Std,365,365,8,True,True,True
MAC000513,Std,365,365,9,True,True,True
MAC001314,Std,365,362,7,True,True,True
MAC004709,ToU,365,365,5,True,False,True
MAC001040,Std,365,365,7,True,True,True
MAC001213,Std,365,365,7,True,True,True
MAC000746,Std,365,365,8,True,True,True
MAC000486,Std,97,97,9,True,True,True
MAC004693,ToU,365,365,5,True,False,True
MAC000748,Std,365,365,8,True,True,True
MAC003747,ToU,365,364,2,True,False,False
MAC001330,Std,365,365,7,True,True,True
MAC001038,Std,365,365,7,True,True,True
MAC002678,ToU,365,365,7,True,True,True
MAC001037,Std,365,365,8,True,True,True
MAC001035,Std,365,365,7,True,True,True
MAC001031,Std,365,365,8,True,True,True
MAC001041,Std,365,365,8,True,True,True
MAC001334,Std,365,365,7,True,True,True
MAC004744,ToU,365,364,9,True,True,True
MAC000718,Std,365,348,4,True,False,True
MAC000684,Std,365,365,8,True,True,True
MAC000385,Std,365,364,9,True,True,True
MAC000690,Std,365,364,8,True,True,True
MAC001269,Std,365,365,7,True,True,True
MAC001089,Std,365,363,7,True,True,True
MAC000541,Std,365,364,8,True,True,True
MAC001086,Std,365,365,7,True,True,True
MAC000695,Std,365,363,7,True,True,True
MAC001083,Std,365,365,7,True,True,True
MAC000696,Std,365,365,8,True,True,True
MAC000047,Std,365,364,12,True,True,True
MAC004818,ToU,365,365,8,True,True,True
MAC001275,Std,365,365,7,True,True,True
MAC000702,Std,365,364,8,True,True,True
MAC001298,Std,365,365,7,True,True,True
MAC004811,ToU,365,365,8,True,True,True
MAC000711,Std,365,344,7,True,True,True
MAC001067,Std,365,365,7,True,True,True
MAC001282,Std,365,365,7,True,True,True
MAC000534,Std,86,85,9,True,True,True
MAC000714,Std,365,365,8,True,True,True
MAC000042,Std,365,364,12,True,True,True
MAC001289,Std,365,365,7,True,True,True
MAC001062,Std,365,365,7,True,True,True
MAC000041,Std,365,365,12,True,True,True
MAC000527,Std,365,365,9,True,True,True
MAC001293,Std,365,365,7,True,True,True
MAC002786,ToU,365,365,7,True,True,True
MAC000717,Std,365,364,8,True,True,True
MAC003637,ToU,365,365,2,True,False,False
MAC000703,Std,365,365,8,True,True,True
MAC000891,Std,365,365,8,True,True,True
MAC004064,Std,365,362,5,True,False,True
MAC001455,Std,365,365,7,True,True,True
MAC003161,Std,80,80,5,True,False,False
MAC003168,Std,365,364,4,True,False,False
MAC004946,Std,365,364,11,True,True,True
MAC004944,Std,365,365,11,True,True,True
MAC004943,Std,365,365,11,True,True,True
MAC004941,Std,365,365,11,True,True,True
MAC004935,Std,365,365,11,True,True,True
MAC004934,Std,365,365,11,True,True,True
MAC004920,Std,365,365,11,True,True,True
MAC000269,Std,365,365,12,True,True,True
MAC000268,Std,365,365,12,True,True,True
MAC004898,Std,365,365,11,True,True,True
MAC004894,Std,365,365,11,True,True,True
MAC004892,Std,365,365,11,True,True,True
MAC004889,Std,365,364,11,True,True,True
MAC005000,Std,365,365,11,True,True,True
MAC004875,Std,365,365,11,True,True,True
MAC003138,Std,365,365,5,True,False,True
MAC003134,Std,365,365,7,True,True,True
MAC003059,Std,365,365,7,True,True,True
MAC003060,Std,365,364,7,True,True,True
MAC003064,Std,365,365,7,True,True,True
MAC005056,Std,330,329,7,True,True,True
MAC003070,Std,365,365,6,True,True,True
MAC005053,Std,365,365,7,True,True,True
MAC005052,Std,365,365,7,True,True,True
MAC005045,Std,365,365,11,True,True,True
MAC003084,Std,365,365,7,True,True,True
MAC003096,Std,365,365,7,True,True,True
MAC003108,Std,365,365,7,True,True,True
MAC003117,Std,365,365,7,True,True,True
MAC005019,Std,365,365,7,True,True,True
MAC003123,Std,365,365,7,True,True,True
MAC003131,Std,365,365,7,True,True,True
MAC005004,Std,365,365,11,True,True,True
MAC004870,Std,324,323,12,True,True,True
MAC004866,Std,365,365,12,True,True,True
MAC004861,Std,365,365,12,True,True,True
MAC004734,Std,365,365,9,True,True,True
MAC004723,Std,365,365,9,True,True,True
MAC004715,Std,365,365,9,True,True,True
MAC004700,Std,365,365,5,True,False,True
MAC000233,Std,365,363,12,True,True,True
MAC004684,Std,365,365,5,True,False,True
MAC004681,Std,365,365,5,True,False,True
MAC004680,Std,365,365,5,True,False,True
MAC004678,Std,365,365,5,True,False,True
MAC000231,Std,365,365,12,True,True,True
MAC004674,Std,365,365,5,True,False,True
MAC003444,Std,365,365,3,True,False,False
MAC004667,Std,365,365,5,True,False,True
MAC004663,Std,365,365,5,True,False,True
MAC004659,Std,224,223,5,True,False,True
MAC004735,Std,365,365,9,True,True,True
MAC004741,Std,365,365,9,True,True,True
MAC004743,Std,365,365,9,True,True,True
MAC004745,Std,365,365,9,True,True,True
MAC004860,Std,365,365,12,True,True,True
MAC004839,Std,365,365,8,True,True,True
MAC004835,Std,365,365,8,True,True,True
MAC004829,Std,365,364,8,True,True,True
MAC004820,Std,365,365,8,True,True,True
MAC004816,Std,365,365,8,True,True,True
MAC004809,Std,365,365,8,True,True,True
MAC003040,Std,365,365,7,True,True,True
MAC004808,Std,365,365,8,True,True,True
MAC004799,Std,365,365,8,True,True,True
MAC004796,Std,365,365,7,True,True,True
MAC004791,Std,365,365,8,True,True,True
MAC004780,Std,365,365,8,True,True,True
MAC004773,Std,365,365,9,True,True,True
MAC004771,Std,365,365,9,True,True,True
MAC004764,Std,365,365,9,True,True,True
MAC000249,Std,365,365,4,True,False,False
MAC004652,Std,365,365,5,True,False,True
MAC003038,Std,365,365,7,True,True,True
MAC000285,Std,365,365,10,True,True,True
MAC002832,Std,365,363,6,True,True,True
MAC005228,Std,365,364,10,True,True,True
MAC002838,Std,365,364,7,True,True,True
MAC002840,Std,365,365,6,True,True,True
MAC002846,Std,365,363,7,True,True,True
MAC002852,Std,365,365,7,True,True,True
MAC002854,Std,365,365,7,True,True,True
MAC002856,Std,365,365,7,True,True,True
MAC002867,Std,215,214,7,True,True,True
MAC002875,Std,365,365,6,True,True,True
MAC002878,Std,365,365,6,True,True,True
MAC002882,Std,365,365,6,True,True,True
MAC002887,Std,357,356,5,True,False,True
MAC005194,Std,365,361,11,True,True,True
MAC002898,Std,365,364,5,True,False,True
MAC002825,Std,365,355,7,True,True,True
MAC002899,Std,365,365,6,True,True,True
MAC002824,Std,365,364,7,True,True,True
MAC005237,Std,365,365,10,True,True,True
MAC002743,Std,365,365,7,True,True,True
MAC002747,Std,365,365,7,True,True,True
MAC005265,Std,365,365,10,True,True,True
MAC002771,Std,365,365,7,True,True,True
MAC002773,Std,122,121,7,True,True,True
MAC002775,Std,365,365,7,True,True,True
MAC005260,Std,365,365,10,True,True,True
MAC005258,Std,365,365,10,True,True,True
MAC002781,Std,365,365,7,True,True,True
MAC002793,Std,365,365,7,True,True,True
MAC002357,ToU,365,365,8,True,True,True
MAC002803,Std,365,365,7,True,True,True
MAC002808,Std,365,364,7,True,True,True
MAC002819,Std,365,365,7,True,True,True
MAC002821,Std,365,365,7,True,True,True
MAC005236,Std,365,365,10,True,True,True
MAC002905,Std,365,365,5,True,False,True
MAC002906,Std,365,365,6,True,True,True
MAC002911,Std,365,365,5,True,False,True
MAC005108,Std,365,365,7,True,True,True
MAC003009,Std,116,115,7,True,True,True
MAC005105,Std,365,365,7,True,True,True
MAC005104,Std,365,365,7,True,True,True
MAC005103,Std,365,365,7,True,True,True
MAC003020,Std,365,365,7,True,True,True
MAC003021,Std,365,365,7,True,True,True
MAC005095,Std,365,364,7,True,True,True
MAC003023,Std,365,365,7,True,True,True
MAC003024,Std,365,360,7,True,True,True
MAC005087,Std,140,139,7,True,True,True
MAC003027,Std,365,365,7,True,True,True
MAC005082,Std,365,365,7,True,True,True
MAC003031,Std,365,365,7,True,True,True
MAC003032,Std,365,365,7,True,True,True
MAC003003,Std,365,365,5,True,False,True
MAC005115,Std,365,354,5,True,False,True
MAC005116,Std,365,363,7,True,True,True
MAC002993,Std,365,365,5,True,False,True
MAC002916,Std,365,365,6,True,True,True
MAC002917,Std,365,365,6,True,True,True
MAC002934,Std,365,365,5,True,False,True
MAC002936,Std,365,361,5,True,False,True
MAC005163,Std,365,365,7,True,True,True
MAC005158,Std,70,69,7,True,True,True
MAC002948,Std,365,365,6,True,True,True
MAC003036,Std,365,365,7,True,True,True
MAC002950,Std,365,365,6,True,True,True
MAC005142,Std,365,365,7,True,True,True
MAC002958,Std,365,365,6,True,True,True
MAC002967,Std,365,365,6,True,True,True
MAC005136,Std,365,365,7,True,True,True
MAC002969,Std,365,365,5,True,False,True
MAC002976,Std,9,8,6,False,False,False
MAC002988,Std,365,365,5,True,False,True
MAC005145,Std,332,331,7,True,True,True
MAC002736,Std,365,365,7,True,True,True
MAC000227,Std,365,365,12,True,True,True
MAC004624,Std,185,184,5,True,False,True
MAC004232,Std,365,365,7,True,True,True
MAC004228,Std,365,365,7,True,True,True
MAC000174,Std,365,365,12,True,True,True
MAC003872,Std,365,365,2,True,False,False
MAC004209,Std,365,341,7,True,True,True
MAC004208,Std,365,365,7,True,True,True
MAC003885,Std,365,365,2,True,False,False
MAC004187,Std,365,363,7,True,True,True
MAC004183,Std,365,363,7,True,True,True
MAC004182,Std,365,365,7,True,True,True
MAC000166,Std,365,365,12,True,True,True
MAC004180,Std,365,365,7,True,True,True
MAC003921,Std,365,365,2,True,False,False
MAC004168,Std,365,365,7,True,True,True
MAC003924,Std,365,365,1,True,False,False
MAC003853,Std,365,365,2,True,False,False
MAC004161,Std,365,363,7,True,True,True
MAC003849,Std,365,365,2,True,False,False
MAC000154,Std,133,131,9,True,True,True
MAC000196,Std,365,288,12,False,False,False
MAC003741,Std,365,365,2,True,False,False
MAC004335,Std,365,365,9,True,True,True
MAC004333,Std,365,364,9,True,True,True
MAC004324,Std,365,365,7,True,True,True
MAC003761,Std,365,362,2,True,False,False
MAC003767,Std,365,365,2,True,False,False
MAC004305,Std,365,365,7,True,True,True
MAC004302,Std,365,365,7,True,True,True
MAC004293,Std,295,293,7,True,True,True
MAC004291,Std,365,365,7,True,True,True
MAC003792,Std,365,363,2,True,False,False
MAC004281,Std,365,365,7,True,True,True
MAC003813,Std,365,365,2,True,False,False
MAC004268,Std,365,365,7,True,True,True
MAC000178,Std,365,365,12,True,True,True
MAC004156,Std,365,359,7,True,True,True
MAC004154,Std,365,365,7,True,True,True
MAC003931,Std,365,365,1,True,False,False
MAC004018,Std,123,122,5,True,False,True
MAC004019,Std,365,365,5,True,False,True
MAC004097,Std,365,365,7,True,True,True
MAC004028,Std,365,364,5,True,False,True
MAC004092,Std,327,326,7,True,True,True
MAC004089,Std,365,365,7,True,True,True
MAC004088,Std,365,365,7,True,True,True
MAC004044,Std,365,365,5,True,False,True
MAC004052,Std,365,365,5,True,False,True
MAC004079,Std,365,365,7,True,True,True
MAC004078,Std,365,365,7,True,True,True
MAC004056,Std,365,365,5,True,False,True
MAC004074,Std,365,365,7,True,True,True
MAC004071,Std,43,42,7,True,True,True
MAC004061,Std,339,338,5,True,False,True
MAC004101,Std,365,364,7,True,True,True
MAC004104,Std,162,161,7,True,True,True
MAC004109,Std,365,363,7,True,True,True
MAC004110,Std,365,364,7,True,True,True
MAC004150,Std,365,365,7,True,True,True
MAC000162,Std,365,365,12,True,True,True
MAC003935,Std,0,0,3,False,False,False
MAC003936,Std,365,365,5,True,False,True
MAC003942,Std,365,363,5,True,False,True
MAC004140,Std,365,364,7,True,True,True
MAC003955,Std,365,365,5,True,False,True
MAC004357,Std,365,365,9,True,True,True
MAC003964,Std,365,365,5,True,False,True
MAC004129,Std,365,364,7,True,True,True
MAC003980,Std,365,365,5,True,False,True
MAC004123,Std,365,365,7,True,True,True
MAC004119,Std,71,70,7,True,True,True
MAC003996,Std,365,365,5,True,False,True
MAC004004,Std,365,365,5,True,False,True
MAC004005,Std,365,365,5,True,False,True
MAC003978,Std,365,365,5,True,False,True
MAC004632,Std,365,365,5,True,False,True
MAC004358,Std,365,365,9,True,True,True
MAC004370,Std,365,365,9,True,True,True
MAC004563,Std,365,365,12,True,True,True
MAC003530,Std,365,365,2,True,False,False
MAC004558,Std,204,203,12,True,True,True
MAC000135,Std,52,51,12,True,True,True
MAC003538,Std,365,365,2,True,False,False
MAC004544,Std,365,365,12,True,True,True
MAC003546,Std,365,365,2,True,False,False
MAC004541,Std,365,365,12,True,True,True
MAC004540,Std,365,365,12,True,True,True
MAC000216,Std,365,365,12,True,True,True
MAC004533,Std,365,365,12,True,True,True
MAC004530,Std,365,365,10,True,True,True
MAC000136,Std,56,55,12,True,True,True
MAC003572,Std,50,50,2,True,False,False
MAC004520,Std,365,365,12,True,True,True
MAC004569,Std,365,365,12,True,True,True
MAC004516,Std,365,364,12,True,True,True
MAC003522,Std,365,362,2,True,False,False
MAC004573,Std,365,365,12,True,True,True
MAC005564,ToU,365,364,5,True,False,False
MAC004615,Std,365,365,5,True,False,True
MAC004612,Std,10,9,5,True,False,True
MAC000223,Std,36,36,12,True,True,True
MAC004607,Std,365,365,5,True,False,True
MAC004602,Std,365,365,5,True,False,True
MAC004599,Std,365,365,5,True,False,True
MAC004598,Std,365,364,5,True,False,True
MAC004597,Std,365,365,5,True,False,True
MAC004594,Std,365,365,5,True,False,True
MAC004591,Std,365,365,5,True,False,True
MAC000133,Std,365,365,12,True,True,True
MAC004583,Std,365,365,12,True,True,True
MAC004577,Std,365,364,12,True,True,True
MAC004575,Std,365,365,12,True,True,True
MAC003521,Std,365,365,2,True,False,False
MAC004514,Std,365,365,12,True,True,True
MAC004513,Std,365,364,12,True,True,True
MAC004503,Std,365,365,12,True,True,True
MAC003645,Std,365,364,2,True,False,False
MAC004427,Std,365,365,9,True,True,True
MAC004425,Std,365,365,9,True,True,True
MAC004416,Std,365,365,9,True,True,True
MAC003657,Std,365,365,2,True,False,False
MAC003664,Std,365,364,2,True,False,False
MAC000204,Std,116,115,12,True,True,True
MAC004405,Std,365,365,9,True,True,True
MAC004403,Std,365,365,9,True,True,True
MAC004395,Std,365,364,9,True,True,True
MAC004393,Std,365,365,9,True,True,True
MAC003676,Std,365,365,2,True,False,False
MAC004384,Std,365,365,9,True,True,True
MAC004382,Std,365,365,9,True,True,True
MAC003693,Std,365,365,2,True,False,False
MAC000207,Std,365,364,12,True,True,True
MAC004435,Std,86,85,9,True,True,True
MAC004437,Std,365,365,9,True,True,True
MAC000208,Std,365,357,12,True,True,True
MAC003586,Std,365,365,2,True,False,False
MAC004498,Std,365,365,12,True,True,True
MAC004495,Std,365,365,12,True,True,True
MAC000212,Std,365,364,12,True,True,True
MAC004489,Std,365,365,12,True,True,True
MAC003594,Std,365,365,2,True,False,False
MAC004486,Std,202,169,12,False,False,False
MAC003714,Std,365,365,2,True,False,False
MAC004481,Std,365,364,12,True,True,True
MAC004465,Std,365,365,12,True,True,True
MAC004462,Std,365,365,12,True,True,True
MAC004461,Std,365,365,12,True,True,True
MAC004459,Std,365,364,12,True,True,True
MAC004453,Std,365,364,9,True,True,True
MAC003630,Std,365,363,2,True,False,False
MAC004442,Std,365,364,9,True,True,True
MAC004469,Std,365,365,12,True,True,True
MAC005287,Std,287,285,10,True,True,True
MAC002802,Std,365,365,7,True,True,True
MAC002723,Std,365,365,7,True,True,True
MAC001917,Std,365,365,6,True,True,True
MAC001921,Std,83,83,6,True,True,True
MAC001156,ToU,365,365,7,True,True,True
MAC001922,Std,365,365,6,True,True,True
MAC001132,ToU,365,365,7,True,True,True
MAC001129,ToU,365,365,7,True,True,True
MAC001931,Std,365,365,6,True,True,True
MAC001102,ToU,365,365,7,True,True,True
MAC001953,Std,365,365,6,True,True,True
MAC001092,ToU,365,365,7,True,True,True
MAC001959,Std,234,233,6,True,True,True
MAC000329,Std,365,365,9,True,True,True
MAC000090,Std,365,365,12,True,True,True
MAC001968,Std,295,294,6,True,True,True
MAC001983,Std,365,365,6,True,True,True
MAC001179,ToU,365,365,7,True,True,True
MAC001994,Std,365,365,6,True,True,True
MAC001908,Std,162,161,6,True,True,True
MAC001222,ToU,365,365,7,True,True,True
MAC001841,Std,365,342,2,True,False,True
MAC001413,ToU,365,365,7,True,True,True
MAC001844,Std,365,365,6,True,True,True
MAC001383,ToU,365,365,7,True,True,True
MAC001863,Std,365,365,6,True,True,True
MAC001351,ToU,365,365,7,True,True,True
MAC001343,ToU,365,365,7,True,True,True
MAC001871,Std,365,365,6,True,True,True
MAC001318,ToU,365,358,7,True,True,True
MAC001876,Std,365,365,6,True,True,True
MAC001878,Std,365,365,6,True,True,True
MAC001885,Std,365,365,6,True,True,True
MAC001894,Std,365,365,6,True,True,True
MAC001898,Std,365,365,6,True,True,True
MAC001899,Std,365,365,6,True,True,True
MAC001907,Std,365,365,6,True,True,True
MAC002001,Std,365,365,6,True,True,True
MAC002003,Std,365,365,6,True,True,True
MAC002009,Std,365,365,6,True,True,True
MAC002089,Std,365,363,6,True,True,True
MAC002094,Std,365,365,6,True,True,True
MAC000759,ToU,365,365,8,True,True,True
MAC002107,Std,365,365,6,True,True,True
MAC002116,Std,365,364,6,True,True,True
MAC005288,Std,365,365,10,True,True,True
MAC002124,Std,365,364,6,True,True,True
MAC002128,Std,365,364,6,True,True,True
MAC000708,ToU,365,364,8,True,True,True
MAC000704,ToU,365,365,8,True,True,True
MAC002129,Std,365,365,6,True,True,True
MAC000683,ToU,365,365,8,True,True,True
MAC002139,Std,365,365,6,True,True,True
MAC002146,Std,365,365,6,True,True,True
MAC002159,Std,365,365,6,True,True,True
MAC002088,Std,365,365,6,True,True,True
MAC000092,Std,365,365,12,True,True,True
MAC000810,ToU,365,365,8,True,True,True
MAC002077,Std,365,365,6,True,True,True
MAC000961,ToU,365,365,8,True,True,True
MAC002023,Std,365,364,6,True,True,True
MAC002028,Std,365,365,6,True,True,True
MAC000944,ToU,365,365,8,True,True,True
MAC000943,ToU,365,365,8,True,True,True
MAC002033,Std,365,365,6,True,True,True
MAC002035,Std,365,364,6,True,True,True
MAC001839,Std,365,364,6,True,True,True
MAC002045,Std,365,365,6,True,True,True
MAC002053,Std,365,365,6,True,True,True
MAC002054,Std,365,365,6,True,True,True
MAC002055,Std,365,365,6,True,True,True
MAC002057,Std,365,364,6,True,True,True
MAC000847,ToU,365,364,8,True,True,True
MAC002067,Std,365,364,6,True,True,True
MAC002069,Std,365,365,6,True,True,True
MAC000879,ToU,234,232,8,True,True,True
MAC001421,ToU,307,307,7,True,True,True
MAC001837,Std,365,365,6,True,True,True
MAC001431,ToU,365,365,7,True,True,True
MAC001558,Std,365,365,7,True,True,True
MAC001560,Std,365,365,7,True,True,True
MAC002108,ToU,365,365,6,True,True,True
MAC001565,Std,365,365,7,True,True,True
MAC001574,Std,365,365,7,True,True,True
MAC001582,Std,52,51,7,True,True,True
MAC001583,Std,365,365,7,True,True,True
MAC001594,Std,365,365,7,True,True,True
MAC001598,Std,365,365,7,True,True,True
MAC002040,ToU,365,365,6,True,True,True
MAC001603,Std,365,365,7,True,True,True
MAC002011,ToU,365,365,6,True,True,True
MAC001616,Std,365,365,7,True,True,True
MAC001620,Std,365,365,7,True,True,True
MAC001952,ToU,365,361,5,True,False,True
MAC002118,ToU,365,365,6,True,True,True
MAC002119,ToU,365,365,6,True,True,True
MAC001557,Std,365,365,7,True,True,True
MAC002126,ToU,365,364,6,True,True,True
MAC002318,ToU,365,365,8,True,True,True
MAC001459,Std,365,365,7,True,True,True
MAC002292,ToU,365,365,8,True,True,True
MAC001460,Std,365,364,7,True,True,True
MAC001483,Std,365,363,7,True,True,True
MAC002236,ToU,365,365,8,True,True,True
MAC001489,Std,365,361,7,True,True,True
MAC001622,Std,365,365,7,True,True,True
MAC001496,Std,365,365,7,True,True,True
MAC002217,ToU,365,365,6,True,True,True
MAC000077,Std,365,365,12,True,True,True
MAC001527,Std,365,365,7,True,True,True
MAC001540,Std,365,364,7,True,True,True
MAC001545,Std,365,364,7,True,True,True
MAC001546,Std,365,365,7,True,True,True
MAC001549,Std,365,365,7,True,True,True
MAC001503,Std,365,365,7,True,True,True
MAC000653,ToU,365,365,8,True,True,True
MAC001910,ToU,13,13,6,True,True,True
MAC001880,ToU,365,365,6,True,True,True
MAC001752,Std,365,357,6,True,True,True
MAC001765,Std,365,365,7,True,True,True
MAC001779,Std,365,365,6,True,True,True
MAC001785,Std,365,365,6,True,True,True
MAC001791,Std,185,184,6,True,True,True
MAC001554,ToU,365,365,7,True,True,True
MAC001798,Std,365,365,6,True,True,True
MAC001509,ToU,365,365,7,True,True,True
MAC001811,Std,365,365,6,True,True,True
MAC001817,Std,365,365,6,True,True,True
MAC000334,Std,365,364,9,True,True,True
MAC001824,Std,365,365,6,True,True,True
MAC001829,Std,365,365,6,True,True,True
MAC001449,ToU,365,365,7,True,True,True
MAC000333,Std,365,365,9,True,True,True
MAC001751,Std,365,365,7,True,True,True
MAC001748,Std,58,57,7,True,True,True
MAC001747,Std,365,364,6,True,True,True
MAC001744,Std,365,365,7,True,True,True
MAC001640,Std,365,365,7,True,True,True
MAC001648,Std,365,365,7,True,True,True
MAC001657,Std,365,365,7,True,True,True
MAC001663,Std,365,359,7,True,True,True
MAC001840,ToU,365,365,6,True,True,True
MAC001672,Std,365,365,7,True,True,True
MAC001673,Std,365,365,7,True,True,True
MAC001904,ToU,365,365,6,True,True,True
MAC001777,ToU,273,272,6,True,True,True
MAC001755,ToU,365,364,6,True,True,True
MAC001684,Std,365,365,7,True,True,True
MAC001692,Std,365,365,7,True,True,True
MAC001715,ToU,365,365,5,True,False,False
MAC001703,Std,365,365,7,True,True,True
MAC001714,Std,365,365,7,True,True,True
MAC001738,Std,365,365,6,True,True,True
MAC001773,ToU,365,365,6,True,True,True
MAC000641,ToU,365,365,8,True,True,True
MAC002117,Std,365,365,6,True,True,True
MAC000635,ToU,365,364,8,True,True,True
MAC005458,Std,365,365,8,True,True,True
MAC002419,Std,365,365,8,True,True,True
MAC002424,Std,365,365,8,True,True,True
MAC005452,Std,365,365,8,True,True,True
MAC002426,Std,257,256,8,True,True,True
MAC002427,Std,365,365,8,True,True,True
MAC002438,Std,23,22,8,True,True,True
MAC005435,Std,365,365,8,True,True,True
MAC000313,Std,365,365,9,True,True,True
MAC002475,Std,365,365,8,True,True,True
MAC002483,Std,365,365,8,True,True,True
MAC002501,Std,365,365,5,True,False,True
MAC002511,Std,365,365,5,True,False,True
MAC005414,Std,365,365,10,True,True,True
MAC002523,Std,365,365,5,True,False,True
MAC002416,Std,365,365,8,True,True,True
MAC005460,Std,365,365,8,True,True,True
MAC005463,Std,365,365,8,True,True,True
MAC002408,Std,365,365,8,True,True,True
MAC005528,Std,365,364,8,True,True,True
MAC005527,Std,365,365,8,True,True,True
MAC005519,Std,365,365,8,True,True,True
MAC000102,Std,365,365,12,True,True,True
MAC000104,Std,365,365,12,True,True,True
MAC002391,Std,365,365,8,True,True,True
MAC005503,Std,365,365,8,True,True,True
MAC002527,Std,365,365,5,True,False,True
MAC002392,Std,365,364,8,True,True,True
MAC005500,Std,365,365,8,True,True,True
MAC005499,Std,365,365,8,True,True,True
MAC002400,Std,365,365,8,True,True,True
MAC002402,Std,365,364,8,True,True,True
MAC002403,Std,365,299,8,False,False,False
MAC005487,Std,365,365,8,True,True,True
MAC005480,Std,365,365,8,True,True,True
MAC002161,Std,365,365,6,True,True,True
MAC002531,Std,365,364,5,True,False,True
MAC002537,Std,365,365,5,True,False,True
MAC002541,Std,365,365,5,True,False,True
MAC005336,Std,365,365,10,True,True,True
MAC002652,Std,365,365,7,True,True,True
MAC005332,Std,365,365,10,True,True,True
MAC002653,Std,365,365,7,True,True,True
MAC005328,Std,365,365,10,True,True,True
MAC002659,Std,365,365,7,True,True,True
MAC002674,Std,365,365,7,True,True,True
MAC005339,Std,365,365,10,True,True,True
MAC002685,Std,365,365,7,True,True,True
MAC002689,Std,365,365,7,True,True,True
MAC002700,Std,365,365,7,True,True,True
MAC002705,Std,365,365,5,True,False,False
MAC002707,Std,365,365,7,True,True,True
MAC002709,Std,365,365,7,True,True,True
MAC002711,Std,365,365,7,True,True,True
MAC002717,Std,365,365,7,True,True,True
MAC002687,Std,365,365,7,True,True,True
MAC002384,Std,365,365,8,True,True,True
MAC002646,Std,365,365,8,True,True,True
MAC002639,Std,365,365,7,True,True,True
MAC002551,Std,365,365,5,True,False,True
MAC002559,Std,365,365,5,True,False,True
MAC005389,Std,365,365,10,True,True,True
MAC002569,Std,365,365,5,True,False,True
MAC002572,Std,365,365,5,True,False,True
MAC005381,Std,365,364,10,True,True,True
MAC002576,Std,365,365,5,True,False,True
MAC002642,Std,365,365,7,True,True,True
MAC002594,Std,365,364,5,True,False,True
MAC002600,Std,365,365,5,True,False,True
MAC005369,Std,365,365,10,True,True,True
MAC002607,Std,365,365,5,True,False,True
MAC005364,Std,365,365,10,True,True,True
MAC002629,Std,260,259,0,True,False,False
MAC002632,Std,365,365,8,True,True,True
MAC002638,Std,365,365,7,True,True,True
MAC000305,Std,365,365,9,True,True,True
MAC002382,Std,30,29,8,True,True,True
MAC003707,Std,365,365,2,True,False,False
MAC005545,Std,365,365,8,True,True,True
MAC002308,Std,365,364,8,True,True,True
MAC002305,Std,365,365,8,True,True,True
MAC000529,ToU,365,365,9,True,True,True
MAC002196,Std,365,365,6,True,True,True
MAC000236,ToU,365,365,12,True,True,True
MAC002298,Std,124,124,8,True,True,True
MAC002206,Std,365,362,6,True,True,True
MAC000316,Std,365,365,9,True,True,True
MAC002294,Std,365,302,6,False,False,False
MAC002293,Std,365,365,8,True,True,True
MAC002209,Std,365,364,6,True,True,True
MAC002229,Std,365,365,8,True,True,True
MAC000583,ToU,365,337,7,True,True,True
MAC000292,ToU,365,364,10,True,True,True
MAC000293,ToU,365,365,10,True,True,True
MAC002287,Std,365,362,8,True,True,True
MAC002234,Std,198,197,8,True,True,True
MAC002276,Std,365,365,8,True,True,True
MAC002274,Std,365,362,7,True,True,True
MAC002270,Std,365,365,8,True,True,True
MAC000392,ToU,365,365,9,True,True,True
MAC000402,ToU,365,365,9,True,True,True
MAC002237,Std,365,365,8,True,True,True
MAC000408,ToU,365,365,9,True,True,True
MAC002258,Std,365,365,8,True,True,True
MAC002248,Std,365,365,8,True,True,True
MAC002379,Std,365,365,8,True,True,True
MAC002315,Std,365,365,8,True,True,True
MAC000549,ToU,365,363,8,True,True,True
MAC002325,Std,269,268,8,True,True,True
MAC005547,Std,365,365,8,True,True,True
MAC005556,Std,0,0,0,False,False,False
MAC002365,Std,365,365,8,True,True,True
MAC005563,Std,0,0,0,False,False,False
MAC002364,Std,365,365,8,True,True,True
MAC002168,Std,365,365,6,True,True,True
MAC005567,Std,365,365,0,True,False,False
MAC002173,Std,365,365,6,True,True,True
MAC000031,ToU,365,364,12,True,True,True
MAC002353,Std,365,365,8,True,True,True
MAC002191,Std,365,365,6,True,True,True
MAC002174,Std,365,365,6,True,True,True
MAC002175,Std,365,361,6,True,True,True
MAC002351,Std,100,99,8,True,True,True
MAC002352,Std,213,212,8,True,True,True
MAC002345,Std,365,364,8,True,True,True
MAC002328,Std,181,181,0,True,False,False
MAC002185,Std,365,365,6,True,True,True
MAC002347,Std,365,365,8,True,True,True
MAC000088,ToU,365,365,12,True,True,True
MAC002331,Std,365,363,8,True,True,True
MAC000318,Std,365,365,9,True,True,True
MAC003916,ToU,365,364,2,True,False,False
MAC004010,Std,365,365,5,True,False,True
MAC004788,Std,365,365,8,True,True,True
MAC004649,Std,154,154,5,True,False,True
MAC004672,Std,365,365,5,True,False,True
MAC002152,Std,365,365,6,True,True,True
MAC005363,Std,365,365,10,True,True,True
MAC003407,Std,365,365,3,True,False,False
MAC002647,Std,365,365,8,True,True,True
MAC002087,Std,365,365,6,True,True,True
MAC003328,Std,365,364,3,True,False,False
MAC002720,Std,365,365,7,True,True,True
MAC004069,Std,181,181,0,True,False,False
MAC003977,ToU,365,365,5,True,False,True
MAC003992,Std,365,364,5,True,False,True
MAC001851,ToU,365,365,6,True,True,True
MAC004142,Std,365,365,7,True,True,True
MAC003078,Std,365,363,7,True,True,True
MAC004323,ToU,227,227,7,True,True,True
MAC005036,Std,365,365,11,True,True,True
MAC004067,Std,365,363,7,True,True,True
MAC003619,Std,365,365,2,True,False,False
MAC000099,Std,365,365,12,True,True,True
MAC001256,Std,365,365,7,True,True,True
MAC001147,ToU,286,286,7,True,True,True
MAC003163,Std,365,365,5,True,False,False
MAC001795,Std,365,365,6,True,True,True
MAC004515,Std,365,365,12,True,True,True
MAC003780,Std,365,365,2,True,False,False
MAC004467,ToU,365,365,12,True,True,True
MAC003218,Std,102,101,3,True,False,False
MAC001600,Std,365,363,7,True,True,True
MAC005424,Std,365,364,8,True,True,True
MAC001706,ToU,365,365,7,True,True,True
MAC001997,Std,365,365,6,True,True,True
MAC002485,Std,365,365,5,True,False,True
MAC003860,Std,365,365,2,True,False,False
MAC000023,Std,365,365,12,True,True,True
MAC004215,Std,365,365,7,True,True,True
MAC003884,Std,365,365,2,True,False,False
MAC003652,ToU,365,365,2,True,False,False
MAC001348,Std,365,365,7,True,True,True
MAC004570,Std,365,365,12,True,True,True
MAC003317,Std,365,364,3,True,False,False
MAC002056,Std,365,294,6,False,False,False
MAC004587,Std,365,365,5,True,False,True
MAC004828,Std,365,363,8,True,True,True
MAC001704,ToU,365,365,7,True,True,True
MAC002774,ToU,365,365,7,True,True,True
